X0,X1,X2,X3,X4
0.473860833744823,0.06446307533197919,-0.5692661199377138,-0.47110817230269936,-0.853812877141353
1.368450123265755,0.8938117011345914,1.0983982272856403,1.075124275217289,0.9245988324385557
-0.9168268438183719,-0.28976875122178314,0.7488915408338275,0.6321161012683779,0.9934194158029322
-0.12414718027276839,-0.4859761977343565,-0.8796926082160964,-0.9787666478612534,-1.2381200032473292
-2.010962889744628,-0.6218533121007591,0.5588387244991662,0.3518910679064361,0.9471027784926255
-0.49280342496342816,-0.2955580785239804,0.256604730842863,0.13278069826415523,0.6238511385985777
0.3925797504024593,0.897491070645749,1.0326003382121935,1.7016962085334608,0.9646230869438991
-0.9291846669305591,0.028823795488903486,1.1398100146685577,1.3831450008722745,1.0290872129099273
0.07983181221570465,-0.41317645465888897,-1.0343069247605974,-1.5337487257098361,-1.1511125096233756
-0.1595165016570746,0.40737137111826704,0.741647161673397,0.861127668958601,0.9101867015542318
0.022221826611982996,0.7487169317052914,0.9017799091380914,1.265197251623699,1.0750865837824037
-0.42779291360334537,0.0934414933805315,0.8095982835333836,0.5593592087283311,1.0291878103676249
-0.5318174102182277,-0.4163702125952772,-0.5070522760632008,-0.3354121436941908,-0.9230408338879993
-0.11747550177134997,0.8991256844229456,0.9526246655627006,2.4133939151171364,1.0811123115453178
0.22207890156474303,0.420729162461212,0.6896927461482004,0.6514092809270224,0.9904320012026939
-0.7679765019430772,0.332386334449413,1.0194717094447936,1.9765442737282277,0.9494910375302507
0.14246460238665487,0.6935313473276343,1.043079716515114,1.3514784294735072,0.9810258300268859
-0.0346521842275993,0.13629037133302507,0.6818806152940925,0.46413466022330374,0.909282591878383
1.1343392655025437,0.26106198942289294,-0.7745396209261854,-0.5797009114736275,-1.0955174341983116
-0.10474554830443178,-0.011703569680454648,-0.025695636026510746,-0.024104878152501334,0.04349270632995486
-0.5251228511300091,-0.4330458653673608,-0.3414449169929822,-0.2219124527935532,-0.785157230933196
1.9127712713592069,0.5933785373206559,-0.94742410831179,-1.21451895564927,-1.0817348940655
-2.026719615730092,-0.7915439089469357,0.6782228127819196,0.650281574959703,0.8227144914926843
1.1194236115618375,0.8529929347313857,1.0093070859602735,1.567353001959409,0.7360367191713828
0.7791926345150046,0.42326134270897037,-0.505966769454546,-0.2983034945514468,-0.7962625553509985
-1.1010977563498334,0.43802091392418885,1.1026415715082667,2.163656499224737,1.0793258453253503
1.1302281938970369,-0.25717869930974735,-0.9759375261319949,-1.5575827858617337,-0.8802746461502722
0.37311891472941866,0.6676394920319823,1.0267529038350773,1.0543635483872036,0.9830737420632072
-0.3864729505645555,0.6969586859518213,0.9624565299207277,1.67152023540541,0.9675033961834208
-1.1587702419250825,-0.7136343072011071,-0.35565680681894696,-0.20403058098106056,-0.7752891993461366
0.5661128267810409,0.3019632115734755,-0.15254972223567817,-0.18605650514288088,-0.5517279456875643
-0.7044534503765905,0.01975218297553738,0.9846543483036432,1.0427651758444012,1.1095729723161039
-1.3779393038224825,-0.5322262670800881,0.6183944433669428,0.5059911099595346,0.9495312848902295
-0.35311665200706827,-0.7332481213803272,-0.9078248439124419,-1.9974113434595069,-0.9620775589807704
-0.46146571817418325,-0.5871012969780786,-0.9414306067381564,-0.8433731545393808,-1.038727400674962
0.06665727850862435,0.16225533129317699,-0.0001251705801604483,-0.013549548047459737,0.10858839330011782
-0.1762856619257587,-0.6231168625083343,-0.7962144670896244,-1.369698179685067,-1.1890491115197734
1.2008927719495284,0.6710559047375881,-0.8040004457026019,-0.47417431642990365,-1.0922371648438747
0.6983989413317222,-0.41289587364317726,-0.9957206792796737,-1.3446854252439342,-0.9612060217216156
-0.17162883522641853,-0.30552556338762454,-0.510390253266591,-0.37017063055339033,-0.7204618247758054
-0.9071865801473945,-0.7245564926905588,-0.4344156521810517,-0.3366227273211608,-0.8764417873175092
1.1886257264306113,0.6128445994569615,0.405252074805004,0.35175467659371346,0.7640714662928413
0.7855321244982452,0.30246459697300687,-0.30609939272969455,-0.09175932399950061,-0.46830687106538393
2.6560100912720426,0.9693300147931765,0.7960995380913473,0.5027897210407561,1.0046316719183241
0.2634860402302101,0.3625987935584715,0.49457970925696,0.38354400747392153,1.0241132649514681
1.641771116014076,0.9506236144393666,0.8625615195464192,1.0313399942643104,0.8672757510402032
0.4608163001486376,0.5061127445631857,1.0534140807884111,0.8737830409601158,1.1177121420873244
0.08592347163081454,0.38324955189800575,0.8652562580092933,0.7681238351347166,0.8361341460369612
-1.5099572822166087,0.4869002127129138,1.0075631334125956,3.1048674284667217,0.9711809236207399
0.7215024623586457,0.6392005903913318,0.5061276769384221,0.3474026366423288,0.9273197290761482
-0.8434199233592846,0.5824457095050717,0.8772652497963227,2.5935715038588616,1.0185849757887473
-0.5133254053971662,-0.12123929586068082,0.6659170606408713,0.41221840224393347,1.0495647775722656
-0.04353680247349791,-0.012268829830091005,-0.09696649691063458,-0.08285091480589193,-0.471095993711689
-0.2753009102463928,-0.40316952395024425,-0.5378309941179548,-0.37316518221319706,-0.8906812682002699
-1.5630667945865129,-0.10451306724503769,0.9757357400249975,1.5097257984484294,1.119466992097371
-0.7956309921370132,0.4995219983622349,0.962599392399205,1.640503392887938,1.005598752121144
0.9305844007711019,0.7186332522981482,0.8548460014953504,0.599783855964729,0.8691926523232102
0.6777674096733415,0.8455850695145576,0.9420202616581592,1.1335467745027057,1.0987335670795375
0.6984402592109615,-0.43140084198384965,-0.9790806657835451,-1.2772204659230832,-1.063736853352025
0.17360206366480457,-0.6362263302237269,-0.9359194596555767,-1.5487798225122118,-1.0819388277211646
0.6622845136190623,0.7937878548816275,0.9905357476046588,1.2463268857974537,0.9038132151632604
0.24112216258712937,-0.02442905655439652,-0.04507412723418511,-0.12681149790302182,-0.30185540578905745
-0.16820508809908508,0.29320727977347594,0.6736178705467246,0.7493024173975029,1.0006683423661256
1.1647686455045239,0.43190776775622536,-0.8041624163710334,-0.7172879499560781,-1.113885725262879
-0.24574768742704023,0.41275368484291697,0.9217080293459377,1.6569884697047754,0.8932795264234235
-0.7696677736661084,-0.9665811733676363,-1.0828041223880753,-1.5404186718890363,-1.069130104065633
1.2121723421331259,0.04550622106182472,-1.026621264019055,-1.3855850864826886,-1.0948508633286194
1.2334968045430572,0.947303772963698,0.9897649114680347,1.4443115837123448,1.0030803920871478
-1.5741552869440547,-0.9053683264503237,-0.9897744011404289,-2.6098417929829005,-0.9638670271097896
0.6379529432248898,0.5319602054144357,0.4092051565084589,0.3785688680949161,0.884751494867826
-2.044423021819915,-0.8125753784226142,-0.23199354074591436,-0.10732599559657671,-0.480910854736727
1.0694808861969303,0.35513425025794604,-0.8152973143603354,-0.7359519192000298,-0.821104532667352
-0.93376284091205,-0.6232834770001929,-0.41065391265654794,-0.19993984859036878,-0.7182199896399543
0.7842081876539384,-0.018544113070130465,-1.0010384718054446,-0.8475234930898101,-0.917138369262428
-0.6148757594173107,0.37427677707862805,0.7630518297398454,1.5422559460484992,0.9576635039040591
0.3328924404889295,0.8269952605848139,0.9289570612267272,1.8044970883616096,1.0941912124918878
-1.3807170242722524,-0.893915031767794,-0.9323130906840582,-0.6857375867883446,-1.0365657052431367
-0.2808062915267532,-0.06874227725410906,0.33297216235120386,0.2755248774685312,0.8043819890094366
-0.05981726366166916,-0.5708452370820841,-1.0038575689502893,-1.3250764709360472,-1.1362788753174764
0.9611737664183551,0.8253370430630936,0.8865772193391193,1.0730521590031268,1.0136615330471461
1.794280843008586,0.9054102168789718,0.825205541067954,1.0470091746433143,0.8985253698653509
0.5806895417300261,0.023586859591538584,-0.6694740187161333,-0.29526223270768964,-0.8239903712862144
0.29765044850834704,0.18568845267906506,0.05851028468172002,0.01688505841989535,0.2091702314939226
-1.0281157705875381,-0.6807904048826183,-0.08051853283313007,-0.09376544952267094,-0.32827969150768765
-1.418596463015558,-0.834445434410318,-1.0308823999721695,-1.6184578336802757,-0.7947554867251813
0.19033698496516738,0.6859210449805844,0.9622281571247506,1.546004147600127,0.9709539887428044
0.1357538294764863,-0.39829555991565424,-0.8574876742770311,-0.7669532388824308,-1.1519198031666968
0.6080896620009615,-0.02567772332429257,-0.6968489464758003,-0.7601492722579212,-1.0621168372055263
0.7049813113327208,0.46255760451403405,-0.40355998345698096,-0.150419854461833,-0.8212739789711361
0.3609233775911353,0.6825046463057579,0.8898103058540255,0.9955485853622786,1.0341347965209349
-1.466967885179526,-0.807360280689097,-0.9298071588418261,-0.5913032150920309,-1.1100745175027629
0.8926294715061621,-0.557743648071244,-0.9608856393346048,-1.9521852214034443,-1.0538075750206848
-0.10525713400117943,-0.3113341631926311,-0.9169714471722493,-0.886998060729534,-0.9634516020154988
-0.9553464447177047,-0.4081860198249627,0.6313153597534197,0.4241404190789904,0.9534464377572528
-0.4147646344054664,0.7912587426606319,1.014010788538494,2.189750287809187,0.998693162791217
-1.3987408816058577,-0.9349126633353567,-0.8719965928089495,-1.2599199663731557,-0.9857673156217313
-0.34408054131131866,-0.6160639424423912,-0.9205488180704773,-1.296501767480829,-1.0358163560310305
0.7507858855894212,-0.17521665214561322,-0.9044373654666342,-1.5125955008388159,-1.159757444953751
-0.3276251832780026,-0.7090981749557812,-1.0982811882036225,-1.636724991299341,-1.0394663307334322
-0.8615980542483289,0.16839757514685968,1.084719539463627,1.2056914600814304,1.045875269822208
-0.25818479853633935,0.5302026137482887,0.9144833733189721,1.4946885753643797,0.9856701854958233
0.4609556154202936,0.30936623484891185,0.22279785788690842,0.1777558935804024,0.6177710135227826
-1.349389973233009,-0.7688489243371383,-0.6276472687479757,-0.4677127721408569,-1.0058519178643432
-1.01907278536807,0.2534167055618371,1.0252526325228761,1.791143786862626,1.099272254412546
0.12701223937179829,0.41032626099769076,0.1761815121414621,0.17390804165650472,0.26671202449226405
-1.2494437227999267,-0.2967240467401036,0.9320144640989274,1.0894367093604342,1.0117209060118606
1.9451156144867858,0.8219880243650008,-0.550093982520724,-0.5164489417218157,-0.8080498547168392
-0.15333645751614036,-0.018213378520142452,-0.07284956662446025,0.044243854223773756,0.10990025420353763
-0.9069872254048804,-0.8033872472498796,-0.8203073038830522,-1.2373416454470463,-1.021102950628736
-0.8173541551228293,-0.023633140079389298,0.7592444921245003,0.6292489718935849,0.847113285029935
-0.483122678751293,-0.16224069869907679,0.07561252109314848,0.19093775077331573,0.5575069529872563
-0.5698283483984036,-0.7268565755922063,-1.0415712262622965,-0.8945632324137842,-1.001846316765628
-2.0915996696872643,-0.9075253954827905,-0.9970777374427113,-0.8811071495264614,-1.0118674804310954
1.263740530766387,0.9009740599892236,0.9287413655142949,1.6159585033387436,0.9103137956145918
-0.015483340011778864,0.8090715607123715,0.9868280723847204,1.9716687504618164,0.8749132419011908
-0.027376445585158626,-0.04294909799521483,-0.6129653771524745,-0.21313533666732123,-0.8158577238126128
0.8178735122165649,0.3979998332233083,0.13169968675767246,0.06775357276216261,0.38207635930131983
-1.0546044694668375,-0.28832749366070776,0.4796627594788143,0.40011447464821703,0.9161863390122861
-0.758327120518242,-0.39028862039111145,0.3820807694327069,0.14803175815968717,0.6213201165237702
0.45741564871914264,-0.4748851711604836,-1.019720315351886,-1.6742977205386302,-1.1062544415309676
-0.06437805080096688,0.23854098536742613,0.7092018852089078,0.4278706771903861,0.8099028912547557
0.3449023350447285,-0.6561676918671349,-0.8871347393114882,-2.0878890346006087,-1.0559642509893241
-0.08008733535248917,-0.40860361758089503,-0.7335047211485373,-0.7326841912576191,-1.085135249609526
-0.24138013164421257,0.062008064321753244,0.632709728566591,0.5054271466248177,0.7832469538280976
1.4335154872899205,0.7974645124525865,0.7058245260831412,0.5999942079248373,1.0386501322036108
1.0657937085493043,0.38380968492793427,-0.898210252961416,-0.81007308420949,-1.1248689572290833
-2.498759141638711,-1.0269553579056794,-0.5821392258743513,-0.45843694018691766,-0.8388853369933627
1.4803285611721635,0.45903399181079996,-0.8104816017096895,-0.5938365089984536,-0.9411387305209561
2.1587285233631035,0.7721347343832594,-0.1825312108091115,-0.10284416313606999,-0.4067076938485139
1.2317783767161103,0.6365232238548355,-0.01749772787647993,-0.026794346635663536,0.09272981451624512
-0.21432448325619294,0.055032734339634654,0.7170280003164464,0.6684681295291105,0.8511623279708662
-0.6891942104642451,-0.7260951176513296,-0.7961119718750732,-0.5168968628897835,-0.8861820382987509
0.7278331141658672,0.5313718679467351,0.5391416034302338,0.37339619191355516,0.8754672309693545
-0.61906936035496,-0.24408136489073193,0.6881623800589228,0.5070157644871914,1.2187645161202585
0.3561598303893801,0.18506644994721447,0.36387065111655725,0.1982893773718653,0.6879557340983427
-0.021880874338765014,-0.2722299422715816,-0.34222340357904724,-0.2596058224494745,-0.8121365772149342
1.2180504377565105,0.5942035992057927,0.18380794452149213,0.1806454642754404,0.5819369161568198
-0.389458024303482,0.2192743285543361,0.7696771425026161,0.7517402733935762,0.966196886389255
-0.44280234490564224,0.25370610260762055,0.7895332160217015,0.8391848677163122,0.9151632276883169
0.3782266147408522,1.0101145214125873,1.136689784648191,1.815372684826906,0.9028682090282519
1.9338398009281186,0.7690771627698587,-0.9420475308782303,-0.9900262363062616,-0.8508773237083541
0.080970805944567,-0.09448140027538475,-0.6257905268140587,-0.44000739099540254,-1.05805766965478
-0.41645636355137505,-0.687369372600086,-0.9852829221519416,-1.613468660268402,-0.9773536383345179
0.8575032515881125,0.7708808717789284,0.8438005797136565,0.931009464327855,1.10009337615864
0.7181282798247107,0.30938992285452327,-0.35183514525530724,-0.3345075063567468,-0.7024056741673903
-0.9514717506480398,-0.24336016623771342,0.37341149681252944,0.20619098202932656,0.6791960510346355
-0.5361601001790223,-0.5215515539822895,-0.762801328234937,-0.6043385694466398,-0.9988043062606194
1.0965288564948825,0.5740329879266941,-0.6090277219032076,-0.3267039949778253,-0.9506871784039
0.42801284098942743,0.6131420910044022,0.8511471420362158,1.2231901054266583,0.8445188382286961
-2.4696988650675973,-0.8802133249706946,0.7911291398146751,0.6942334104859834,1.03906752818491
0.4819791390028944,0.2612045702400433,-0.25468274376313405,-0.11152205765894566,-0.531236968644407
0.9264563586203222,0.7545904836419589,0.7514048058887995,0.767813919476397,1.1311090497158176
-0.8375813917631142,-0.16547594482569097,0.8305015510091391,0.789900080037874,0.908332501286015
0.6771860655820995,0.44739069137470927,-0.5971613059306392,-0.39142551668673525,-0.8163088876940114
1.8723191173207203,0.38257151158354746,-0.971359899507377,-1.4690795606362084,-0.8834967713041701
0.3963739400644419,-0.2588771134172414,-0.9566758672357166,-0.8991616270020392,-0.9909866961195294
-0.6256162952329317,-0.7702125497380158,-1.078599404429088,-1.340528603382517,-1.2164449418121546
-0.5224614795325828,0.27246947655127535,0.8630832118483326,1.1644346459929071,0.9464114339274824
0.013033899766550932,0.6156667263206981,1.0989586986906301,1.338115216447681,1.1779811252558752
0.37776959197309157,0.6164027694561783,0.8650392188904572,1.5863738801590164,1.0291621873956638
0.06282459973318241,-0.6277511719782051,-0.9613810318705936,-2.0195555489771686,-0.9305698867118334
0.5015963653461725,0.8246659179241719,0.998226228506169,1.0714009103737214,0.9889948413882907
-0.1469453929203728,0.9234184552173714,0.9866651950712458,2.2121913093846852,0.9776128312999391
0.18062297374021988,0.6204480737050831,1.129725078419497,1.1119877138106449,0.812070000703182
0.9648105823284351,-0.4049362411608778,-0.9483474724119049,-2.1512296178706696,-0.9204663370248508
-1.064831152863006,0.164400618766322,1.1789592481969278,1.7682983083967718,1.107861124257166
0.10871179962738556,0.16988372342715574,0.0046198364200441405,0.04168903713194141,-0.01620206934298095
0.10576364702776062,-0.029109403087198768,-0.4341741183084118,-0.23239910650047158,-0.8150827649820981
0.9206667157130712,0.6095519526973912,0.6912893939601656,0.45109529658297826,0.9227880559572169
-0.22672245554936182,-0.49867360577912045,-0.9683527429420925,-1.0490069225704863,-0.955504341380911
0.6530483110497608,0.46648708302167796,0.17322767595636385,0.002782370921578945,0.2189929946320698
1.1026874654627117,0.9092948992158851,1.0254355816242822,1.6204296451040736,1.0928440250807272
-1.8498029371642315,-0.62017057349651,0.6744829837011876,0.6223968705232881,0.9800471592676451
1.1686312434505337,0.5229539006688237,-0.07615554552061453,0.058401472102668064,-0.275746066032562
-0.9853817971256873,-0.37556899708777747,0.14117468007799275,0.08960815992760873,0.4059836406093326
-1.093940409068474,-0.9412150604007244,-0.9714353890665473,-1.1813939832988014,-0.8988064388357722
-2.879456893472376,-1.018794307844713,-0.21473291791071616,-0.14998789139972546,-0.6521106638219715
-0.8031776650126476,-0.8595016697128868,-0.8705913279274239,-1.6342953356297674,-0.9586745425414415
-0.004856944651029909,0.5868163029791802,1.0449069201692134,1.0224409523938105,1.1808658275781403
-0.38332330626590333,-0.7609443467350514,-1.0565709116076474,-2.1857104824753426,-0.9887557682078071
-0.46252686020175215,0.15383505949009627,0.7627288999913396,0.85490037962071,1.10488794550001
-1.112497354329448,-0.09439330636494743,0.8041663757837089,0.9794109008340617,0.9504769975671064
0.8672294989764441,0.6629099423357362,0.9025027892468654,1.3187646157271942,0.9969932577112736
0.9584138362132985,0.4810127256251487,0.10781930654317033,0.08685916316180281,0.28997030331352686
0.4181185219555865,0.5460578642082601,0.9418811906639033,0.9166284661575291,0.9570371916385089
-1.8865280457856384,-0.7143839796721311,-0.3415014951184149,-0.15974664036521616,-0.6889683195000381
2.2733451580174817,0.7115978620401904,-0.9351317398738973,-1.1866971176879335,-1.161350501857653
0.14697465045721628,0.7183533926852241,1.0244255062558543,1.530732392537995,0.9665158399388019
0.5396092015836658,0.29775433260517636,-0.14656319553243582,-0.09688582961507466,-0.24612377526678367
-1.4982956373719307,-0.767938487077038,-1.0952344250066317,-1.4095113174731944,-1.0958892785970467
-0.011443447469728663,-0.25655360846346925,-0.6070886844674327,-0.46681494578978205,-1.0501446669180432
0.41335408762364534,-0.09923438457963231,-0.40622116849651513,-0.4273246825681713,-0.8751857977735444
-0.14089855446735033,0.25734421486587533,0.6735252973798685,0.46169691812421204,0.9643716863112706
0.8721618593534538,0.9560299518076841,0.7039239517622797,2.347047483372731,1.0376801335087649
1.30034514799654,0.8773542861296786,0.8280852934024703,0.5224186132825649,0.9651586475430384
-1.343523764067433,-0.6124474754047425,0.2630066416401329,0.2068438519965253,0.6566816947124858
0.8501205821238573,0.8588397066682489,1.226037313832102,2.455776199562555,0.9649028653332306
0.39433995146482975,0.6668634956188539,0.9390937461415508,0.9788935399127254,0.8689571194040002
-0.004695994673559281,0.12679896434694837,0.23344512611225304,0.2542492041349285,0.6618364925609126
-1.5708119835276153,-0.8126528640035717,-0.8722553850385774,-0.479411858818095,-0.9039033630051326
1.4798487751985527,0.9449911191948188,0.6391366818022004,0.31620007620456086,0.9671352108941649
0.3967742812711289,0.09298775692494536,-0.00017369218050426738,-0.06639040409313654,-0.28837662933625013
-1.7832510621655238,-0.7452269794581342,0.374590097956894,0.09143412755899637,0.6624816501626567
-0.24313446040701553,0.3970570413346549,0.9769289901209159,1.3144024247694728,0.9097535450953302
0.32722338636586623,-0.3361605691619267,-0.7244612322619707,-0.5403221831374881,-0.8302027073745033
0.5065753016725318,0.5081643701735885,0.6581450326428568,0.5135407081635137,0.9914351647259608
-0.1276047942813745,0.3877641289266339,0.8542761129941369,0.948939989837594,1.0846029458173456
0.34159080594871644,-0.06742986036593046,-0.8430238199325201,-0.6621125168244095,-0.9839759745502796
2.1188862122299916,0.6747816023559439,-0.8587780067154493,-0.822621415489101,-0.9989659767138601
1.5465367554715088,0.5457853369808269,-0.33105667488757085,-0.15034192258090356,-0.5063216224114077
-0.9495190451788583,-0.7506262311101403,-0.8157992518423567,-0.4616295902564609,-0.8727430027958285
-0.5968973315627526,0.3536453638656841,0.9747570507338803,1.152332608741504,1.0100818191050573
-0.11120399981026909,-0.6037902247421416,-1.01924875435453,-1.0017682785646547,-1.017485273101018
-1.7490694341716135,-0.6118791066074382,-0.20973755921835865,0.06847136852867004,-0.38356714843275225
-1.3414034979461644,0.5552899426459217,1.054862118444717,2.546048333404475,1.0324458078117742
-1.6216946209434833,-0.6779660007563026,0.48844209651134063,0.4130565337861825,0.8903366207371384
-1.147719972825,-0.45125703723643584,0.8150834988139258,0.5792901443048852,1.0352479816634783
1.389602828146591,0.9962307001710238,1.0236688764495727,1.1606824956971251,1.0843646701005558
-0.8552405188798108,-0.6601844504841764,-0.6217892598076651,-0.4629490654253594,-0.8220493210459024
-1.027061758935597,-0.9787659332974884,-0.6983173024070852,-1.0814196287454039,-0.9610658886330338
0.8828376605093898,0.6091586232785661,0.27356791985004614,0.17651127616274478,0.5239501635956648
-0.44930438609578205,-0.09365494416243836,0.38890084374898276,0.2654038283485373,0.5766146632642446
0.41863946917260175,-0.4017286586879222,-0.922833411693631,-1.6182107947131612,-1.0820647880237901
-0.7281792493633334,-0.20879775650345841,0.551362878312773,0.37507191468277773,1.042533059351665
-1.8018879690065603,-0.5505486838638929,1.0620486780027778,1.069850498701039,1.1806352780120943
0.4677170774981168,-0.05299559678723573,-1.0372052566948138,-0.9129480730240093,-1.0206104006210563
-1.5514339440906522,-0.4770285059595099,0.4976429050786516,0.4355558483748133,0.7662411913164157
-0.5104932195775956,0.1679098215465667,0.9807786728043564,0.8922636603701339,0.9310744136828227
-0.7329511350437232,-0.13702314910587327,0.6378084670600424,0.5866782085300805,1.0794871052236537
0.19534647254697282,0.3011667679042317,0.875611921525256,0.6810062387415571,0.9291382326912156
-0.5559448977746174,-0.49085150829237917,-0.3515586891525648,-0.24480024180630117,-0.694446053041941
-0.1277348284638858,-0.49588115483619777,-1.0247216448870995,-1.127504337740596,-0.9815610898279507
-1.560557072437269,-0.8797560085932546,-0.5978840499844164,-0.44714646238391303,-0.8669601395014235
2.0003480891061036,0.5751072377656253,-0.8772999448938278,-0.5860571018706248,-0.8020198889561674
-1.2001317377301632,-0.29450929612371624,-0.23363957181387934,-0.08025904620754583,-0.4109527928898306
1.201380444217691,0.7104140335606477,0.9262540548717576,1.0932709054599299,1.0122559768521513
0.14983371633959786,-0.2945422374410549,-0.967737962454198,-1.3118401281641687,-0.8061555320355777
0.14090736807132184,0.12634095724967345,0.20669437761730244,0.14425002281739083,0.555532347161378
0.3544195851196624,-0.3241262292410444,-0.9015407677904242,-1.0634016455178528,-1.0763753050994467
-1.8803125884525564,-0.9743733810075654,-0.8065415436657152,-0.7400469178227713,-0.9192943072382948
0.9663920019724169,0.7783239155821219,0.8863298316567783,0.5587407526118416,1.027485903423361
-0.5109444672869622,-0.8667677373700337,-0.9730908182686322,-1.1899450533656992,-1.0292848556775216
1.2103986331366388,0.617859599365838,0.9620480931583576,0.7342442897029785,0.9407886583488814
-0.1512359654922292,-0.4910298493484858,-0.8866050792544183,-1.352164446624725,-1.028690918696126
-0.37452155909046975,0.032241064858441706,1.036046058752171,0.66698040343816,0.9393899057851454
-1.2912161131361828,-0.8419769500943892,-1.0016623123710553,-1.549531269578512,-1.0261767253869487
-0.7655093658073386,-0.7590518294924866,-0.8179381200885252,-0.6178126792566155,-1.06676861468334
0.42231376166406454,0.9102749161984733,1.1222966275125605,1.8964943831295615,1.0385330100377672
-1.3079142996693751,0.24759756497492677,1.0320344401846848,1.7085463697668863,1.030910349281761
-1.9905995495773638,-0.9404572848260221,-0.47051070828472175,-0.4125246525171453,-0.8628385960287768
-0.8575488856611007,-0.5021946955208627,0.6455547987181891,0.3899605860299014,0.9289666434535832
0.840005376622429,0.9761864101472725,0.7545408250450352,1.204068018884884,0.9793598160883809
1.7812910770263668,0.9825413380543547,0.8524975006868143,0.6812961744204711,1.1315601616431317
-0.6774156677147567,-0.5463067250951982,-0.3974299578331028,-0.2734642464548241,-0.7948327871209871
-1.548828679824092,-0.8874473629895119,-0.8361329724022144,-0.7486353140363331,-0.863048929584503
-0.34312906410409816,0.11907331478094339,0.8833135757490799,0.8681031429579297,0.8943112935136958
0.18385551440955836,0.7373841961608415,0.7965247438148659,1.1307033086145013,1.0556824568550889
0.5778971350988347,0.7865417457435478,1.0810625739987787,1.715701834394388,0.9263545943467335
2.1346412480074077,0.26377333016449733,-0.9556346115970079,-1.687249423453071,-1.0553273139358603
0.22684882198078649,-0.44098771358587807,-0.8602153345752717,-1.2531247882010523,-1.0394555516217763
1.6554616253789212,0.8341451000544765,0.8061716567581767,1.1619236021470807,0.9497214983628285
-0.46292542206364823,-0.8918392111491213,-0.9382965175473728,-1.5515305467501768,-1.0464753226463608
0.08656581452255474,0.5498388708033243,0.9454872771834609,1.2385499549119328,1.1203367930612336
-0.5928827324603547,-0.42723702615207076,-0.3308931080978169,-0.2149325059853921,-0.7100051797110554
-0.6800043341179425,-0.7265642638628145,-0.7250395275083088,-0.5209138193366847,-0.9448960652598575
-0.2634058448672731,0.08405191758807115,0.3855329941227522,0.20542859627146925,0.7016915365982179
-0.2806548753408205,-0.6251805708178986,-0.9944792177347447,-1.3453684522354987,-0.9134818235928894
-0.6039759194977481,0.017894109770683266,0.7758562381890315,0.8240148305983517,1.0256164717493668
-0.5492529073643019,0.3932711618103586,1.001709485592589,1.6896369976946968,0.9688605659119711
1.0967962544414038,0.7932412811984723,0.8759303562456993,0.8705762158142415,0.8354333777294443
2.1131121569582025,0.9077000555077416,-0.3993256005672765,-0.24650869255414082,-0.7639040466253921
-0.49840662270644565,-0.7198135247471387,-1.30728572233715,-1.538035707765441,-0.9422750632056699
-0.3243954475673995,-0.6376785167427897,-0.918670827084897,-1.499587456202933,-1.097267380959017
0.5246090006305091,-0.3928087749993221,-1.0084920068648615,-1.3296433022393077,-1.0287073776414803
3.187033338072969,0.6651994569062643,-0.15538164223238987,-0.012278277112317357,-0.20849911643996466
0.08416352100792092,0.23281801836475263,0.27997696233003483,0.11340006327260466,0.4083137934249227
0.9726328668987912,0.7566384609904913,0.9602862815328185,0.8684435107409955,0.9303844952246441
1.5444748387077922,0.08549492234631081,-1.0278728170430846,-1.7960289864830756,-0.9621517586181697
0.34406813140202236,0.8705302310849163,0.8603629500867263,1.3112102303923998,1.1090814532383697
0.9262325428850338,0.9655924964750906,0.8399168775734245,0.6944063189453711,1.206000641268252
0.6078385403348046,0.13302896911276985,-0.48635800870358475,-0.32683629306213485,-0.6749292948482033
1.0325127928278814,0.031568989005862955,-0.8711068529719049,-1.1897615417321001,-0.9835394315142214
-1.0344023564856846,0.14756197867912058,0.9256457852983896,1.2491406416911188,0.9501489191954698
0.20428294200132874,-0.11372310522624392,-0.344771153532328,-0.300093961237384,-0.6952426181352886
0.48121772842812693,0.21493142866216974,-0.08754939655939109,-0.02001889934442878,-0.22643718897075668
0.46705717272888814,0.38499852278800173,0.43211531263129077,0.38361197078793213,0.7972858772387991
1.1370174186334576,0.21550008686875166,-1.023624899301201,-0.9131989057816112,-1.0272095159950037
0.4468901447740677,0.10355097578012379,-0.4466380141420995,-0.28218057902524896,-0.8755984494084841
-1.1449485200714016,-0.30525172220187163,0.889066702556546,0.86531690202038,1.0352683882667937
0.5913161169279817,0.535837310561074,0.8892848963078225,0.764096078496275,0.9312852208398265
-0.8830786584795335,-0.057754328992106196,0.8514314407264982,0.7731072066952375,0.9992474992124761
-0.6993780483964821,-0.6317774424254072,-0.8614209843248525,-1.1551797511404318,-0.838084767912171
-0.41850888121043234,-0.20824502533477954,-0.40291488922712637,-0.23658035072914094,-0.7689305703742025
-0.11141877658159101,-0.3106263413484056,-0.7806858264598484,-0.3963938350478049,-0.8066166024074048
-1.543725402691896,-0.5287440507566531,0.5999954690954881,0.42517884227470176,1.0538919003378058
1.1168934402016786,0.7119632385159029,0.3090122826470544,0.3356579896488977,0.8483604437126451
-1.1555159100894843,-0.6070595610812028,0.28178970027256733,0.15542733074293652,0.5789517642824857
1.5701106220388537,1.0492345317411418,1.1052028608514843,2.465733955419929,1.1040385064098481
-1.124951737832857,-0.7404321771257176,-0.550592185249565,-0.2908060801440377,-0.9051982739436301
1.2819203803142016,0.4750325839202134,-0.451743799719588,-0.4078230860685443,-0.8899096856328464
-0.02842145759906684,-0.6785251417114019,-0.8750796499262142,-1.156749670336056,-0.9646755738614446
-1.7164244459439717,-0.9950538976891425,-0.8678493430373423,-1.5378473259288705,-0.9999004046203466
-1.0429613936028512,-0.8228984283114644,-0.9480733437723013,-1.2203173772157754,-1.07055825121042
1.3264716683190478,0.5664976923765025,-0.9341386539552352,-0.7186819254432798,-1.1441215835215854
0.44864867405200504,0.6984681764240687,1.0535693558380173,1.3100730944378527,1.0951422479224784
-0.07873168366780701,-0.1314131706564656,0.003055266348224714,0.03916390436185879,0.12912398773486147
-2.2167610544829093,-0.6956060413356557,0.3247969587374797,0.19333066695273338,0.5187771964458322
1.3895663386149641,0.6077894792682416,-0.17703295619370343,-0.09627330820209662,-0.49444066434145795
1.8704238978155172,0.6906062960457715,0.6579823057712875,0.36530099302178864,0.9502125397179844
1.6880170323689148,0.9525711796724183,1.0549639500369916,1.4020721472178432,1.043697767111188
-0.6152452157694905,-0.9145963645852675,-1.005549841211429,-1.993930836268036,-1.151759833440304
0.3827994671507864,0.9214011689784447,0.7716531931154571,1.2183373155853803,0.9884846458780262
0.49214103393666203,-0.7063354754636185,-1.0630849292826061,-2.515038452535007,-0.9460226775378007
-1.5274526258344112,-0.7345857429522155,0.11763370094725054,0.028202711521927642,0.19635070920633618
0.18049250549954757,0.7482389353687283,1.0267189244578696,2.1919073547444152,1.0255424938154802
1.0710415241175089,0.7914577419446127,0.6641835700524996,0.680657939531544,0.9282908616272582
0.7644782353257112,0.7180786427852045,0.37391809329634473,0.37305893532063655,0.9354721300807549
-1.1111638127440977,0.36520504107642265,1.0171105171926564,2.0019459668029733,0.9199912287849403
-0.8626151215655481,-0.7902257585633212,-0.9324643150918119,-0.7030628980011439,-1.105099465753667
0.7905939894241456,0.6568694514738961,0.5251493454648806,0.4339674224650475,0.921860868634159
0.6328524373827114,0.5840039875183421,0.8153010769563829,0.5781170974738931,0.8364330184046578
-2.2541586795176154,-0.8806465146641682,-0.5837595334850836,-0.5224021342270257,-1.1601158272001342
-2.4565931457733945,-0.9713143955757452,-0.6964460306529277,-0.4341101794959805,-0.8438693947460608
-0.07653206135154646,-0.34977723671122213,-0.7260718803880559,-0.5437794332233397,-1.0683498601103298
-0.5896528566871656,-0.3435627747647127,0.13781536686064438,0.08731497400856388,0.22024341092659153
-0.29830122316370744,0.1918657004810626,0.7075055363648014,0.546691605771313,0.8872620134081982
-0.41129059065981416,-0.22029102675349868,0.20761780858901172,0.1232302729146622,0.40917757482339684
0.98402354456309,0.6959134021555374,0.9057710554494793,0.7094618174298554,0.9760912381755505
0.10356808444235,-0.8288774557212204,-1.0646689523394879,-1.9691472859735475,-1.1092715115867715
0.26763601416312477,0.09590812397296156,-0.5026870396386233,-0.21825116374283668,-0.7762462997499772
-1.3423128265099935,-0.8382141665452547,-0.7681943111801406,-1.0234193103506461,-0.9302605000579267
-3.364095526463311,-0.9990973283739684,0.5753430336043532,0.30172251268289835,0.7651541089590824
1.1235417816915165,0.6063056322633534,0.33640700453199757,0.2869174286723232,0.7116909554537647
2.143205188113887,1.0315619291509162,-0.1777462007285484,-0.11562211495745531,-0.5000001738657694
-0.3425888682306461,-0.135384401050637,0.7946623460849608,0.5102790105320711,0.9563345905599822
0.2493145416219552,0.6262539326432357,1.0066654407447893,0.9978127182640276,1.1056503458992097
0.324518316374555,0.2927433679581519,-0.054839707096731145,-0.06052052230630854,-0.07504998747239015
1.67529324966822,0.10461680254255451,-0.9597321817258899,-1.051694888099702,-0.7475874266386895
0.8889842942771533,-0.1819073071867775,-0.8173162544547671,-1.581257570919481,-1.2262936331842615
0.4960642332258751,0.2854534836769334,0.08250577917296895,0.03611017533012821,0.0986430138881793
0.05557215694396702,0.18086866655746692,0.3328826538671369,0.24186670151354087,0.9193215699049593
0.060232921489092164,-0.4596724459666148,-0.8381228619774868,-0.969523889519979,-1.1751407237022533
-1.4394615966337305,-0.35436336552807546,0.8480289099940921,0.7257668231630326,1.1681144316241132
-0.3834875261947617,-0.3977012413387881,-0.6112907122775725,-0.45895688582457345,-0.9280424498404984
0.8862019661293755,-0.2849269570873447,-0.9719393372233645,-1.6564328651711504,-0.9812828500069333
-0.23370317931400506,0.3705354420268542,1.0204102700678905,1.2564363423451892,0.870989827044564
0.04435055749906732,0.7312882352195532,0.8597795025613629,1.1439879192021631,0.9523557829554075
-1.1761274779890711,-0.9386245638703182,-1.1427792370108047,-2.015599436663098,-0.8252110768050069
0.4455069012813843,0.21178390703745106,-0.5929537474058539,-0.5626002816536924,-0.9619802932838697
-1.461756656035722,-0.6372440081448366,-0.7398933903678734,-0.6015836814142763,-1.0207839274024333
0.289882811537126,0.5873617594441184,1.068888379538515,1.6394886594175027,1.0403353525578871
-0.18722495634881406,-0.22754216857107273,-0.340798680942355,-0.09929271004165632,-0.6319722438610657
-1.7432852472117588,-1.051810924629016,-0.8801038148877378,-1.4958781980554177,-0.9647778830025872
1.0694779520408695,0.7935224365634385,0.8488962919513361,0.8821047822408783,0.9085968816622405
-0.16386526346296804,-0.6011251490431612,-1.0487687403150867,-1.230775545766081,-1.006686984701615
1.8607780541191659,0.7806444355542104,-0.4167733178191448,-0.26034049072176124,-0.8686022280469162
1.4782521148224634,0.568130787747741,-0.9568080749123024,-0.7697688778808768,-1.1736876362246738
-0.8794678402467568,-0.5234128451357144,-0.7348907581120001,-0.56045509827994,-0.9241601450368873
-0.7917199786555795,0.0955052268142663,0.9034144675849999,0.9372580895639391,0.8721476914143896
-1.1719768544504452,0.010064182656033288,1.0938864178497796,1.5213301613321657,0.983197914461843
-1.5864636184263343,-1.000697035692931,-0.8210813926046163,-1.2743687463793785,-0.905566465080762
-0.4221771749509968,0.06374717440282404,0.9295044440949836,0.6260764255078172,0.8382538234367509
1.4437472096857615,0.5037542468224145,-1.0683174282841545,-0.7327536296899959,-0.9341853185484111
-1.9149073696095222,-0.9257062614981466,-0.919536403542863,-0.7016719100240756,-1.0204467624557876
0.8519444675646848,0.5086875187802278,0.4486348462775771,0.4906362214227146,0.8184423041697582
0.768339454305004,0.009313841999128908,-1.0574569419592763,-1.027902765713695,-0.7956989407461299
0.5546927942236286,0.47911969842092894,0.5925368429603094,0.47060260077504473,0.9416190555179609
0.7331733647443522,0.6294103395013104,0.8816290001474351,0.7301133565097351,0.9334365783947388
-1.104221788547133,-0.715066813209396,-0.6717437187205216,-0.4325322616990184,-1.0261837252569543
0.7615718412975966,0.7885502401310596,0.9276226267176171,1.3270781020136666,1.087030394348937
-0.5492581815410705,-0.7891662927487304,-0.9540982781456762,-1.272824612061507,-1.0600028742802208
-2.4591933620785484,-0.7921023161375493,0.8072636683472061,1.345406190611672,1.0741564760696347
0.05741294775637079,-0.7527520564602891,-1.0808966488950649,-1.943987429485133,-1.0001680836422484
-0.8441077324087467,0.768272351271611,0.9494084989934081,2.6997141404195095,1.1116097797254207
1.3588166333327287,0.5730875217084739,-0.6120782804069336,-0.4062022386218326,-1.036200446252053
-0.28634651616591955,-0.5485295969564099,-0.9524020967565773,-1.1623071563876177,-1.0885383298581546
0.045607839925595056,-0.16339290685426147,-0.22110871433926643,-0.23267190851999858,-0.6645244533549862
0.3891795761445395,-0.4165957681906033,-0.8508951038997263,-1.0464779426244284,-1.0161720427027094
-0.2674006378833793,0.010783469221088044,0.4935689132719099,0.38696529885454223,0.8604827448510268
-0.10384111742999894,0.4985393418067564,0.9536123861780399,1.3676573314701472,1.2622745507399098
0.8435740227803442,-0.04707043754084003,-0.9637363298744195,-0.9934562260566775,-0.7906291745571179
-1.0663214782399686,-0.31426770944896876,0.6975695488186119,0.5793992391740034,1.0007593117347968
-0.7018134425276003,-0.8848661744436811,-0.9610482288196674,-1.5327353688957595,-0.9578214168028829
-0.9671110546009667,-0.18337863092731194,0.7531320245080689,1.0329547332286124,0.971162735283775
1.4367546725495532,0.7368544843703787,0.6907226374630865,0.41623636692759547,0.8434006236966296
-0.7016999770078298,0.1571091820848364,1.1164581408555512,1.0761833213303202,0.9803823636429975
-0.1432832587170799,-0.08045677948835062,-0.2291230419716265,-0.12234690264110538,-0.44203475839875905
-0.600604681249585,-0.45925649785547135,-0.6513872588768584,-0.4351565978547518,-0.8147069632794466
-0.30817795327478703,0.2675223805623148,0.8937571167624015,0.8161174360573329,1.0925796168353061
-0.7374294664767825,-0.8209467912450825,-0.8733844343829724,-1.3080485215584186,-1.149599796103139
0.46272431364111877,-0.5014846714158191,-1.0266247028830364,-1.7428243317335752,-1.0287330747741557
-1.0408501532798962,-0.5627829760231543,0.08508214370261545,-0.0049619840400380874,-0.020644777658274854
-1.352450554909997,-0.7562551550360671,-0.5246163648951218,-0.38959660685879244,-0.7891985449181228
-0.5584203694327604,-0.1492839379429633,0.9657320554238364,0.553833331781546,0.9451046447072615
-0.798235218031533,0.07753877476118337,0.9168248535097148,1.091551424313997,0.9927643283971509
-1.3378448238083782,-0.4524002973883451,0.5152387901600229,0.533014079151139,0.9878717271665972
-0.3233727990032017,0.3430605001332679,0.7915112926167369,1.0119033118267453,1.2716716296080874
-1.6601174205563334,-0.8138716387273877,0.4925462558809758,0.32105233333216393,0.8975993015423891
1.7277476274342591,0.8698677663444544,0.7824964801917265,0.4945957483210984,0.946409553981129
-1.492601364415693,-0.8887421369586656,-0.25823033804697276,-0.11665720983227088,-0.6694446930894146
-0.6462994993007489,-0.13503113913924647,0.6290778843136849,0.46504546101518207,1.0927994827836345
-0.4035549568469109,-0.22763224304794988,0.3406350441363923,0.16665282856351338,0.6617178834883622
1.6846849646056212,0.9986876230198836,0.4000537125058682,0.3251767965290638,0.9981773627171221
-1.730315310424178,-0.7987869966504637,-0.3333881571266124,-0.1667240330868389,-0.5631340834421739
0.14205009191756815,0.5399285070812709,0.7584927648561864,0.8089292004712981,0.9427026687972992
1.037158464944625,0.4697800026555477,-0.7128136494159175,-0.7104525498349515,-1.1214350566429288
-0.3097431034826053,-0.27553217284239806,0.12343775983361377,-0.018349020904106537,0.19073671310841603
-1.1698170321710093,0.004591267418413508,0.8176847099670479,1.3117839002075757,0.9368858843503785
-0.10798496435305859,-0.6173085571730841,-0.934267600502237,-0.9487218229211253,-0.9921648045755335
1.5271012598924771,-0.14128797333169907,-0.8578451752310619,-2.161845461752631,-0.8950182039838006
-0.6157858447677114,-0.006647648880683865,0.5867412956328626,0.36645716629797204,0.7507572883294296
1.4361834680777659,0.5640186481135541,-0.45463212959420024,-0.2569544903534993,-0.796418656807891
0.25866691201021697,0.4964759441538084,0.7799686399312783,1.0108622403718392,1.0708143654586284
1.232514211736251,0.5807809504790749,-0.09993213532745313,-0.13051507989699376,-0.2849696764527848
0.21868309227614088,0.03103550378904818,-0.7307092063465638,-0.6043390715633118,-1.112221512332122
-0.4843756919693036,-0.24222107043337038,-0.2736331134393501,-0.07581739581821335,-0.47049210046344286
1.638859986373953,0.8224567060295638,1.0689288598245446,1.0930685866132108,1.1188054903136289
0.22523535280560358,0.5495849448314394,0.5859657651874095,0.5753696271923753,0.9924333673223891
0.16642953580316122,-0.9789715366864226,-1.0214740693250288,-2.4339022565480346,-1.011551517584078
0.8075556316054292,0.7376705654259144,0.27507329386645707,0.18576749208677126,0.7534983913547151
0.924152383085535,0.6756356732803317,0.5374669030087965,0.23576213240140492,0.7819358629790076
0.8128564642380991,0.623651724412607,-0.05666835331133373,-0.01824996520051934,-0.27398935563803223
-1.3507219529415064,-0.9743764647034322,-0.7977093341818423,-0.6108898915685892,-1.0009491575481388
-0.6372355320758775,0.2361465401633926,0.8278001756428369,1.1945318745064444,1.0511520744551262
-0.6565289514688174,0.21865193739892794,0.905470074345041,1.2440339481348617,1.102343616664813
-0.7790802292478753,-1.0209260082386258,-1.0804852245316245,-2.203160460825862,-0.9469169339431458
-0.872103765403559,-0.861180650296572,-0.9474193193400846,-0.7979594777414443,-0.9101426899693417
-0.6710239111506955,-0.3944039609022665,-0.23718955855779433,-0.14473065128572005,-0.4511108707705392
0.33594874285416065,0.65458204988822,0.6765764580711651,0.9485082037166699,0.9572170032036381
0.49440928724982885,0.4359923120043703,-0.0927019976694011,0.034852876391766284,-0.10221623485223559
-0.0016359666440979017,-0.3854701046589128,-0.8272564360397957,-0.6835938001649233,-0.8576992495741308
-0.42603233856441963,0.08913676117944995,0.842284002183316,0.7095335773073748,0.8671299563861834
1.2754632486536202,0.4416688953336413,-0.3632975325725122,-0.21133608555099248,-0.693142008842508
-0.0915660606498374,0.03962001691951178,-0.1982579878389641,-0.11740085915495976,-0.5474600829031698
0.9370725203151783,0.5087890214204541,-0.08637746325978968,-0.0271584334040762,-0.07213725640390233
-0.5693261305487777,0.020726100888469566,0.7433662263287983,0.5743084408384841,0.972524923077808
0.4137127999520743,0.16832201633046295,-0.43188792530080256,-0.3085496016737873,-0.8383609116982106
1.3420885043059152,0.9667292883900007,0.860734680584656,0.6869464926472221,1.1608083634071622
-2.6087880096843756,-1.0065470643322076,-0.1906968940026782,-0.07306896840707273,-0.5122996439419145
-0.6550852838240782,-0.6645201039559019,-0.8539887097665343,-1.067016586417876,-0.9750640652672835
0.5937421758412117,0.3246631372264056,-0.045820808237367325,-0.03677630569544812,-0.1533693340232717
1.2128150736826853,0.42303409064513064,-0.8122796659478493,-1.015213403145215,-0.9421842850461948
0.20311354794650627,0.05901781517192252,0.2118426638242853,0.04098678977594188,0.5794879237130456
0.04957272929940446,0.5404427766252108,0.7388049641158176,0.8294739292314663,0.9285610489853853
1.6105784632233002,0.4371048819679448,-1.0325632938911633,-1.0736290060021147,-1.1178816465703543
1.2739933905888188,0.7714390033222258,0.6256572039268092,0.36427340580443873,0.8440542636661934
-0.8685819370476995,-0.7324700705915825,-1.0494057835922144,-0.8290374583532079,-1.0192018500459168
0.11641098012075705,0.30578992181487735,0.46761801609019704,0.20170055991654703,0.8037844193431896
0.36016900213551517,0.6012713777797785,0.8595221379488693,0.8602042420204842,1.004752440278365
1.7185993740136862,-0.19801374649882478,-0.9409044085661372,-2.1295130741100414,-0.8196679868670433
0.8660705160427983,0.07798112466165782,-0.964962784853265,-1.1144758268713455,-0.8355138930398254
-0.10357609990162352,-0.14142851840466103,-0.6890656328452995,-0.3689794451099221,-0.808943838523555
0.22007432880362104,0.34362792311698476,0.5892303222345994,0.31504048918161526,1.1528832578990063
-1.8838834892338936,-0.9529766615836683,0.003339623338062092,-0.1663833293583238,-0.19125051903267226
0.9686284846273447,0.41161490716638227,-0.1282116103733586,-0.045880781980918925,-0.16485994547432142
0.6457327887232475,0.7036316328093858,0.965636920298176,2.0429845253512564,1.080395007466707
1.2121564332251018,0.1605850902328146,-1.2310747531736435,-1.2124572788492276,-0.9352964555602303
-0.14404929827451984,0.31962065323434574,1.0915775199062792,1.1354850163627703,1.0381945462571796
0.12804106855846054,-0.27222120496832686,-0.4360534302439675,-0.3499781271544168,-0.9003937141160391
-0.4813383492797253,0.11639757511567515,0.552799125308974,0.5494747924987342,0.8246577540735616
-1.1480549061557412,0.4478889981923497,0.7919161430618051,2.1289465557455998,0.986828466785136
-0.6022562028821763,-0.04661279340286763,0.6240555915334647,0.688678023685426,1.0312353033298927
-1.8193004495299292,-0.7338714174415277,0.6184401096409556,0.3724957097899999,0.932594964053406
0.9146055155940844,0.6368492571069181,1.0651213646755076,1.5991223351493755,0.8931913553834602
-2.174882502653097,-0.5378809046263768,0.8625412975378202,1.1247986445931917,0.9807351700184387
2.032142525959219,0.6057952019081865,-0.8215503576628574,-0.7993940761614355,-1.012491850331513
-1.764126899300082,-0.6904768785656359,0.472800576182668,0.2945247424538556,0.8446100793415062
1.4998886756751972,-0.21696215500183072,-1.0304098153023304,-1.7174957341407595,-0.9507039863427843
-0.908054043570438,-0.5787898001628561,-0.6216518649078518,-0.5401533883742511,-0.8871755478655274
0.5610330674710605,0.3854977010627492,0.36191396401551207,0.3140529675998594,0.7562580054775871
-0.7524467003268688,-0.778860643392641,-0.6504603652335129,-0.6021053527812588,-0.8706028555602491
1.6737481593913828,0.7835246785483975,0.35556604321588203,0.2733667459719246,0.8895398408848053
0.0437026680842737,-0.04007158315527063,0.15573484626057812,-0.01338461565303896,0.25322775279706666
1.0736820120987525,0.8336938588322252,0.6151006075861124,0.5364167323950428,1.0228611013346092
0.07604803989638514,-0.21023234244659617,-0.6462348746506885,-0.4241990220281109,-0.8438921516678171
0.3529599755389019,-0.1227395395655764,-0.9119562999068893,-0.9401489144367132,-1.1054522440794428
0.6161066540197494,0.8417879094471371,0.9911990604574267,1.478126826173261,1.1049454763656843
-0.5287239854997043,-0.4267808680752243,-0.6316164802136212,-0.4956967426899445,-1.0315002720497335
-1.2802911282352558,-0.4114526443914365,0.6739627928735072,0.6600105931171182,0.9068531816551147
-1.3016033257419999,0.07150959265880374,0.9800854184370861,1.435247026472536,1.018995415111932
0.05084256913615562,-0.0024428142180331347,0.2797747445866459,0.16266999899753198,0.40568742124288953
-0.4886400853880804,-0.6119149898191877,-0.9453645456706459,-0.8563065694431494,-0.9772672041862756
-2.145856759849942,-0.9219185977571362,-0.2501894688779104,-0.17860997454734448,-0.509647487149024
0.5129412507914956,0.8185252615381016,0.8013490619977612,1.017540916606753,0.8307090764144885
-1.2184896412865855,-0.4085176584221494,0.29974773404466554,0.20624754573786294,0.7903916731172147
-1.1603250252693058,-0.8650207670689676,-1.0406581949378375,-1.2051417922042769,-1.0687263976154306
-0.041626034286924164,0.1421515707692536,0.7290526186297993,0.5966438335337123,0.9957848569938502
-0.9001156580739134,-0.10808534845540615,1.0036093213477248,0.7695314690509986,0.9388549597834734
0.12250549833951899,-0.2727955986211946,-0.3870055687138264,-0.3553118861179337,-0.7844609940005495
1.9734608916025578,1.0680115216655806,0.897848182968473,0.6102443756047459,1.088534484855099
-0.37905764618232096,-0.15112810525728884,0.3426437712760146,0.24501859546046723,0.8120217547807681
-1.0595791462166488,-0.6321391182347239,-0.22842718079399454,-0.1974295386420392,-0.6067830719399547
0.18150697762731,-0.5672753782289048,-0.962873165641034,-1.2935357435936636,-1.0464962811350458
-0.7752317936676876,-0.010098558163120538,0.9519666767854007,1.0779538951057577,0.9907041275427017
0.023751481997746904,0.45401421981127554,0.8465670812236995,0.7592109999198332,1.0557301735648712
0.3156359766812387,0.43629330298128727,0.9281081491530782,0.5838862943753126,1.0551450515863556
-0.03519693846248355,0.6477611495616035,1.125334322545669,1.5445260036780937,1.0548086643381336
0.05655894958916795,0.3732609168562001,0.9936264316806729,0.9451937270135937,0.8684729211542328
0.19209038063264924,0.5197994969084467,0.8007802197122893,0.6865660061515626,0.9830769287852791
1.5971127225208108,-0.06432653575672878,-0.9948408477371244,-2.213227348026831,-1.0633012690511758
-0.2529193041069949,0.4059023809342829,1.0174426827709393,1.1968949518024157,1.06521651015277
0.12743440666809006,0.2453900753752003,0.08612795880367718,0.08308051428205071,0.19640109265361982
0.866849063342143,0.5824597658537891,0.5742297003907333,0.31249168025713864,0.9412107992385617
0.47103683141802105,0.4971351964260007,0.3970411476849585,0.3193331896933858,0.7996300290948548
-0.3582092004907793,0.01317038572951526,0.8999684071138945,0.7738327436422795,0.8041667733622895
0.9018634370178872,0.8411444542430802,0.7255137847301494,1.1221750288016852,1.0889210167451346
-0.8712468811149293,-0.2277171041292043,0.731561744543337,0.6342411430592223,0.9757299158742035
-0.22674942729822584,0.11999872025317457,0.8696872066827508,0.4752855893198915,1.1034325542695094
-0.7710865405044399,-0.3232312957571786,0.4731172739217118,0.23151273929557145,0.6516695157205115
0.5761745994711011,-0.8630187963775633,-0.8464266038684467,-3.351610516904678,-1.029150800091902
1.1895997812847487,0.5782035143286253,-0.5144042960202299,-0.2875910194501882,-0.8868031928049077
0.22333615869635526,-0.3875644832971611,-0.9078172733400407,-0.9415895173506456,-0.9686316177323587
0.07526594592918776,0.6359935080870754,1.094172054015957,1.2107395389390851,0.866527876507011
-0.8750086674580759,-0.08689618080077192,0.8400268405688108,0.6190371982862937,1.038140372053859
-0.7025511171201643,-0.7173660775076108,-0.5946133302201826,-0.45813698721373425,-0.7484196296682677
-1.1932601156384257,-0.7953651429433249,-0.37346869009773753,-0.35771718226924426,-0.7891486295925707
-2.1766813892721824,-0.9815109140839697,-0.6824204403022787,-0.3939813633024213,-0.9336568606701133
-0.3910340012304918,-0.5273310787039412,-0.6163491498433519,-0.4118261543189197,-1.0718248337785217
-0.29810526935296516,-0.7707431342059509,-1.1597183555457833,-1.4445574435247972,-1.0770782697026355
2.1728422953733055,0.5387989264769161,-1.101889151626844,-1.6612794932777677,-1.005386893539419
1.5628135662081106,0.8881410016625076,0.15604077742845524,0.029046772381743993,0.2368445498198154
0.5556402396335344,0.7181119574921468,0.8552179562809415,1.0753141393593546,1.0993785807978986
2.0844772305415638,0.7226524461985205,-0.6431176015688803,-0.5376896974278628,-0.906834682949942
1.3909034961852749,0.8392590134497,0.6345038726833983,0.30344475092404516,1.1800010643614385
-2.007568021362774,-0.9212967424552613,0.8248060114429102,0.7342609171767251,0.890401256200407
1.0674561722347518,0.03271696680446974,-0.8787886047016358,-0.9933782055838566,-0.9926971396406141
0.7114542651948267,0.16412415277997588,0.04087985923041155,-0.019975428719903078,-0.1076295924264223
-0.28937794713269144,-0.5792976826200459,-0.9285285248786392,-0.666520481273515,-1.2117926881879548
-1.4152025195175149,-0.11411200719041975,0.9291932881036709,1.6061194918312938,1.0718581630255648
0.5954011357104231,0.9667968482726907,0.8890369001904298,1.5624595068621143,1.04911496529903
-2.0791277229744964,-1.218547831157096,-0.9842150557183551,-0.9923428398748506,-1.082593994679994
-0.021474962374660032,0.1395659853999936,0.6408882822060935,0.3858843830843258,0.9426713026319868
-0.6170904082868751,0.23075690372177393,0.8860819239332153,1.0675993008124904,0.9340506150787196
-1.2588420415521953,-0.27600254937034163,0.8863261973368419,0.84832950037633,0.9441695298725846
1.1888010076522058,0.7866429660505554,0.03154827510050967,0.08156303498436555,0.1561915264285964
-0.04130843058077276,0.5806310024887442,1.0978431914229663,1.3065574617643476,0.9096656391931142
0.1739663291695697,-0.3033286949163578,-0.9623840391670453,-0.9045146889894328,-1.0675132341882796
0.9078719472424277,0.19079682794485492,-0.31589726897897974,-0.30309294439469225,-0.8403948872142762
-0.008790556303355637,-0.5220283336411442,-0.8935361457414851,-0.877642419759575,-0.9520465162063794
0.4514111986474981,0.40693538457917,0.7237960105833215,0.7824934947006217,0.7091381214571146
0.8158516204890898,0.2509164750690448,-0.7684590054335941,-0.5826368742994515,-0.9996924857492449
0.5667559269188263,0.2844654238604324,-0.38554312312047123,-0.17124917543708565,-0.8290799473235129
0.28598016618828376,0.4829362286678322,0.834742288132692,0.6176703682657487,0.87823035397631
1.7831128353750567,0.8037784612532923,0.7980535678327628,0.698249913777816,0.9332640642434458
1.241970598009856,0.18328518602004762,-0.8923179773827948,-0.9071263462552507,-0.9962934916818568
-0.08576316923283368,0.47161888995164436,0.9066918539416456,1.0566552837727923,0.9756194713218016
-0.9096929501484529,-0.3740224155244143,0.5875376191296875,0.4556896686672513,0.8313400744661732
0.6386236498376441,-0.26517653828486376,-1.0454093264000954,-1.0817028395804014,-0.9260954344661128
0.21586064818900524,-0.5474971998186088,-0.8932562288706807,-1.3277158957566129,-1.0890517122800567
1.7089956631888337,0.7051777269339383,-0.0438110788646089,-0.015819710262067736,-0.17012151479617527
0.9874930057007224,0.6865402607542034,0.8589861924070273,0.8500939893168088,1.0215006582640316
0.764204388001908,0.5968865866961215,0.8791905025072877,0.8757158624009802,1.026067949062677
0.012951537954094748,0.23158001719847998,0.4667886005194041,0.3561668772248425,0.8142088948323442
-0.8756987416672425,-0.3094734405842883,0.050227135099757084,0.04867483832682586,-0.13139247214126681
-0.19796296870131533,0.13591619223574647,0.7154210295410356,0.5117376690790052,0.8767972165098391
0.47682809432411033,-0.12385126062735136,-0.9956715441696172,-0.8553305143892584,-0.9793892625712173
-1.7295800930091456,-0.13029199818190562,0.9040701493729202,1.6869878630253914,1.0685212636532448
1.241713959652344,0.9584191467471376,1.130522294590207,1.6739384181225205,0.9918976385428793
2.0670440017513796,0.814044153066733,0.5796216603140373,0.4288123146206977,0.882346332414131
-1.9449392903707496,-0.6188028418071352,0.2638386457479358,0.197300419992852,0.8700078150430086
-1.4002155510135357,-0.859203225620758,-0.7318762228916702,-0.4114209726593703,-0.9910859719575693
0.22966246423314007,0.4511393681162302,0.7943741573905039,0.5287488457996609,1.0356861342146657
-0.582580915634934,-0.5533426243884638,-0.9260219451172831,-0.6913173710167768,-1.1238275769608619
0.2609064338316734,-0.9459667190462322,-1.0003673056001348,-2.2236120309955307,-1.1089773187070877
-0.07167403655743708,-0.9261862634845082,-1.170593770523658,-2.7141073004910865,-0.9352631909537901
-1.0238185194890543,-0.7660155516006552,-0.7897010843292873,-0.7994983331634866,-0.885250745365168
1.2884063401784895,0.7080903093710905,0.3738251469172025,0.15637812291827763,0.6593735935827165
0.46451660524284916,0.4513532570676189,0.5535566814018689,0.33197173395348273,0.7112578184423135
-0.559741974728272,-0.4507727076484801,-0.8260281779921598,-0.48675700850928494,-0.9900946438697772
1.505025114660821,0.7525187710791055,0.3171126567874259,0.1418351671429033,0.6533528766111057
-0.5084059548937526,-0.3833830969500553,-0.5123308562005108,-0.274228357054531,-0.8485192591877518
-1.2418405167055335,-0.8549117948475812,-1.049188718954752,-0.9993127576501374,-1.054063853868749
0.1835118230877355,-0.018497888402013662,-0.128139098413347,-0.05374450896912518,-0.3033263681981403
0.3531576232226657,0.5589010832944833,0.8364977467066126,0.8129571123656494,0.9165475173066315
0.5319168922188459,-0.08773737036146174,-0.971915923011986,-0.9540617477463222,-1.107785964895449
0.6963511266524872,0.04634070133661641,-0.7939279121308502,-0.953604613019698,-0.9184428660017291
0.5161247285776908,-0.17439132864859536,-0.7447110144469695,-1.0692505939521582,-0.9855099662035801
0.4754936414491742,-0.4694936122653134,-1.1338760286052871,-1.9365187345081158,-1.0149991023126939
-0.5737538003081647,-0.4883457374685168,-0.7354055084780523,-0.4802023741470187,-1.0145008853201714
-0.6807442745705536,0.03867677560740753,0.8467890464158483,0.714086112952531,0.9704766639336773
0.7423649162591182,0.5840626826075916,0.24450793406851695,0.1739160838337627,0.6129515479244725
0.2434565106998877,0.038462802569428994,-0.23623613041285452,-0.16925088405630662,-0.4102382591173781
0.8202457394862555,0.5810850514373758,0.3045068782997604,0.1290647982401689,0.6740797031598064
-1.7072771556275985,-0.9502997904259228,-0.5996792562830762,-0.48898148742915815,-1.012980656770088
-0.5007863824175939,-0.8248624361094382,-0.9361023740118529,-1.9478866372634722,-1.0654513677552286
1.9070189019105557,0.9714039530467067,1.0309231995340273,0.7837187818145658,0.9137771900786131
0.5525331523474403,0.8105976674430606,0.787328437100206,1.071124573784651,0.9758605753451185
0.29555045097915267,-0.10749203915430405,-0.6915974880439203,-0.7281567760677871,-1.0633347479445048
0.7079243669696743,0.44328705575903965,-0.28874234622960065,-0.1508356206065558,-0.5688557320666607
2.2084505258661813,0.8274551463864165,-0.29889480798819634,-0.23699917106016016,-0.9724794333240065
1.998049542287028,0.8474248136476985,0.4258468769944791,0.35128880942454155,0.9105536066403085
-1.5795207573125938,-0.12121607605850393,0.9022232386787165,1.6898934566262898,1.0271996004934505
-1.2105011590693684,-0.11328647481565611,1.0259782377460889,1.1597912452893056,1.1248630935442603
-1.613410655550792,-1.0036747707635896,-0.7519060745055128,-0.376914225413896,-0.8636162694547922
-0.7471078889402628,-0.040127879268716554,0.8194820429570356,0.542463861500237,0.9091070970548218
0.054919298652257045,0.5900148392601975,1.096527452644943,1.2543568685727127,1.0756153053766102
0.24201514406779656,0.29816136319483927,0.6119440929604969,0.408345164394778,0.9155947119771307
-1.5304787431872526,-0.9817426708860255,0.006303588342586822,-0.004699404440172449,-0.19147691645873452
-1.8673518263691093,-0.7200956199001846,0.550089002471068,0.4460000946671858,0.9437389045968434
-0.7647913869554506,-0.6944808647489481,-0.7594242319362812,-0.7032715225634733,-1.0466869174515807
0.9161712656046209,0.17352302465875752,-0.6974945672473171,-0.557281124104081,-0.9685566693208831
1.0903629116936455,0.049186333396571455,-1.037116452043273,-1.0640342352010974,-0.8329622237606721
1.7058248593376857,0.8265714644087976,0.43422603160197193,0.3070645165702432,0.8619443523216037
-0.032330250925114046,-0.14494075642062992,-0.23257811198381612,-0.13140290602223817,-0.6361057131293387
0.8281534903901053,0.1382821809188315,-0.9199913552357106,-0.8231180613480796,-0.8972782890470816
1.0098949610496601,0.40746322667148027,-0.40460090971996354,-0.16417941162050506,-0.6926919087027672
-0.4968590326726214,-0.04534697073347442,0.726815552275781,0.46999826076317,0.847981292205861
0.38784488153046615,0.9539958830805305,0.9723814604077183,1.914712305997992,0.8392513932013091
0.6587051257097538,0.7185235492676921,0.9363764457669528,1.0120678647038581,0.8991490417571011
-0.9091576170851242,-0.9010747537783385,-1.0568779087665028,-2.28414785748234,-0.9163430491808895
1.6420961711074433,0.8343030417966737,0.428247236235307,0.2393084668203457,0.767926982988766
-0.03881228272002653,0.6073114307843804,1.0033646010058943,1.4293242627128546,1.0075138925133407
0.08703522814667258,-0.5632205597438826,-0.8563650898237265,-1.3378734912102326,-1.1325403689986524
-0.9473413799421244,-0.34046400817639,0.7758439643880831,0.5515592702124238,1.061270607427946
-0.7794261958775333,-0.5153339281455648,-0.3971627970770224,-0.23664218553104593,-0.9791097468826765
-2.196514600832009,-0.6579384886354168,0.8845205139309132,1.1502905309161608,0.9321756758252607
0.05515587641861207,0.38902135160298257,0.6763121716915232,0.40425719501345225,0.9856649020383695
2.5056892096419725,0.8678374735885854,-0.9299028714711094,-0.8840154545592064,-1.1073246305155402
-1.0186194481044872,-0.760274144434693,-0.3414998631255311,-0.20085147829061958,-0.6495274180945445
2.9761969281549727,0.7986527297512598,-0.250212620659797,-0.14169567604762318,-0.6531929055322855
1.4142512626124135,0.6458880639237224,-0.24363513384342472,-0.12317821481004927,-0.6594458482892457
-0.47358878097710866,0.23643705005461596,0.9385954359535666,1.119262944775263,1.1265063616555127
0.027264704818878514,-0.40850223541381436,-0.6952124759937228,-0.8426199213902301,-0.9726278070371781
-0.13510030791493735,0.4691925648834056,0.8281262863723202,1.0030513096611837,1.0473682232717811
1.7061639733977114,0.7360095458592404,-0.548542000717062,-0.30224967592152013,-0.782024451804716
0.5170157301179603,0.4322819033447933,0.4962990486312855,0.22351110632916493,0.5637776343299785
1.1819740486218142,0.7798743745208707,0.0831793989662599,0.07237758628103405,0.31486488506659777
0.3581718453613483,0.06336773634541687,-0.0815752841062681,-0.02180533808183465,-0.2419255071531217
-0.11197252059461717,-0.06396600681573454,0.08070217943114998,-0.01360283444532232,0.04177386203454721
0.3264233650707143,0.6764317359413509,0.8429440125393896,1.457358558271021,1.0428356603231441
-0.40694423387208134,0.32431091501476317,0.9699183557608082,0.8424499249061446,0.9586802012118562
-1.4522040434708976,-1.006947039440399,-0.5379017075400142,-0.3627156895799299,-0.8420382429027256
0.8136885759566508,0.6441267821889893,1.036577490568062,1.5827872541220913,0.9955970539672926
-1.5011644483430868,-0.6143350593872379,0.4748172969574605,0.2746810739928528,0.8589043268864078
-0.2688341767951755,0.13222528783929358,0.4736177611483737,0.3576242593238943,0.8294470260542883
-0.43986428761541757,-0.5214610877054453,-0.78081955204493,-0.8373190793313915,-1.0971918678068313
0.6433539310540702,0.05439721590883165,-0.737329733525427,-0.49749865840514007,-1.0400787655914692
1.564704584933529,0.683598562367321,-0.7779975292016456,-0.6885035079271756,-0.994673747808864
1.2049706473007482,0.5243759473643438,0.26697492057630273,0.08607286499367499,0.7013197767150767
0.672425018895093,0.7542165732587802,0.9273971359189712,0.6387830794482092,1.1356578437328158
-0.629871645620782,-0.30096470652478996,0.5210686858481541,0.3672322994222134,0.8325341446430968
-0.18346915359646365,0.5671417637773296,1.0365828558052907,1.5880441560695817,1.0057128325691425
-0.329273707055818,-0.5078474043592625,-0.938760193646637,-0.8877580052112352,-1.0240320490953483
-0.4702814467294437,-0.3683033367087575,0.44047332161751784,0.11486904353888214,0.7287321143093104
-0.4024511086268375,-0.5670846412199704,-0.895173608373079,-1.2829393292982947,-0.9727075108756061
-0.42913803506759063,-0.6574960187101498,-0.9044450008073197,-0.9218709716032621,-0.9425462546248908
-0.4734261927004959,0.35656367468303046,1.002765326584026,1.2645783773384636,0.7088263161737414
0.9518830180285539,0.4427908780753528,-0.609646378896115,-0.4631648664714657,-0.9066389487658797
-1.0546368888660922,-0.8591789672192398,-0.8293923497328164,-0.803363796060271,-1.0309347564644669
-0.7294741023038305,-0.8032001279088693,-1.0224100043175892,-2.129976875582947,-1.0704430213372798
-1.583406721039512,-0.7144668670027546,-0.9164211008381588,-0.8133546477889175,-0.9140063434668597
1.415482802510849,0.5695444189288259,-0.34613629444478516,-0.20528027419497888,-0.5715963688806746
-0.796502958657587,-0.6876417120916378,-1.0930138914713734,-1.357402959786211,-0.9305217501116875
0.6607752317221405,0.0830782580100558,-0.34200589312748897,-0.26278338898246867,-0.8119306870713114
0.4753188602123068,0.7709450509104566,0.8919025807412249,1.2706310606582234,0.8909223803698529
1.318838621090771,0.28772435872263036,-0.9349896318744583,-0.7073053403283327,-1.291719005268452
-0.21001669837509396,-0.4473759920860819,-0.9201001855186278,-0.9433830493699357,-0.9775927146776041
-0.9475397872859123,-0.7295050830544404,-0.9677541786156577,-1.123901466865093,-0.9401771287203605
-1.5557499758716284,-0.7008811413101748,-0.9323515325474412,-1.1417640925158001,-1.0081640888310202
-2.7846356447821003,-0.7450065355761909,0.6581240281483799,0.535577446888429,1.0551295181818716
0.16135322587890272,0.10495104702922756,0.04209786816551872,0.048668736883050644,0.017567288388368935
0.7754725724889143,0.6336803964638602,0.9913270376826228,0.9568568792755741,0.9797120861835934
0.4716881051978408,0.9212912097699275,1.0608231546935063,2.019837891654255,0.9749042888155272
-1.5297643031728079,-0.9581973855804717,-0.9367155868054274,-1.830391131909148,-1.0108239819194709
1.038826145111929,0.8303198746077614,0.5660635792981531,0.3800787084417732,1.031369323077342
-0.6982160283153525,-0.9740945482865897,-0.9370601612124904,-1.1186193344335598,-1.0083271284703885
-0.9069034941417542,0.07363637955223881,0.8902260670846232,0.7888992980334508,0.9627596270246173
-0.7206322353031837,-0.46450672170550683,-0.4920305388640305,-0.27191200107343627,-0.9422148488046764
0.07840892250607703,-0.020160719702339132,0.19314517899905703,0.027322760864173432,0.47319900321642283
-1.4847015715170722,-0.8401515169919687,-0.8400485014279185,-1.283177427929808,-1.1414511523585786
-0.03703591371911794,-0.10498877232448398,-0.5339864764129194,-0.42642702511316743,-0.9744392314184063
0.42944824538366944,0.30711935998540435,0.10650098400049032,0.08966225110825957,0.48228350417653
1.107323896243615,0.6994091202612907,1.0328668910670884,1.3560781468067082,1.0461212527256651
0.17595665722124415,-0.31871513914143196,-0.771677908584371,-0.7945605274085543,-0.9909342607712929
-1.3396284981937914,-0.692409208067067,-0.8494193817692909,-0.550691571530313,-0.977900665345812
0.1488902276522236,0.5650491976273109,1.088352596379413,0.9442896421822814,0.9029355715360194
-1.06025827394612,-0.8076922701782089,-1.067557935017043,-0.8593402836993107,-1.0033819770789576
-1.1179451563669505,0.03727790770784711,1.0278624003248023,1.1423851439741257,0.9635242186432422
-1.362703603539979,-0.6049703712499255,0.13010712086325024,-0.009086574726255944,0.2071621007506845
-1.911253679894024,-0.6797033684283531,0.4569282400511328,0.30312296159184327,0.697301649747233
-0.567163167935395,-0.19524743365883326,0.533074837081362,0.3675223025093705,0.9413844308119205
1.1288887430469075,0.3014913537518216,-0.7080724855330914,-0.6162205534066079,-0.8734487782422942
2.256484015427542,0.7454479784654737,0.7589802228564325,0.3898868194723952,0.9340035871425136
-0.5735851583400942,-0.6544393130334085,-0.8882545734743207,-0.7723697843143003,-0.9270253695788601
1.0861055267696555,0.4736542146793364,-0.7645122219547837,-0.5021030040988799,-0.9382659438268366
-0.39458231823659495,0.025504095526970964,0.6909770585896157,0.5586909660332754,0.9073091621425882
-1.6507357194485612,-0.6449984129139144,0.300161299835462,0.293393955641903,0.6482582487382141
0.7009422614460771,0.478101266862654,-0.0351531660055137,-0.07496495083904774,-0.2746440302657588
0.23481408679556656,-0.42352950285708424,-1.0223619763165055,-1.2587316492630107,-0.9696947967651537
1.8180196079611155,0.5726902596547753,-0.9550565561118513,-1.00915828934963,-1.0026475459586108
-1.534678481982756,-0.7916574340295756,0.5239408229244951,0.2767090439049846,0.9917811500565316
2.796032708335277,0.9357626347751437,0.8038755018921476,0.732140563485116,1.0666961046226509
1.591717323188156,0.5495430785919917,-0.876671180766806,-1.1096455045207572,-0.9184258552937987
-0.01792357356185398,-0.4014957363297621,-0.9906465754247925,-0.8398252474521676,-0.9689533082481501
-0.29863779179851796,0.07813174018125095,0.3169542309638852,0.13418517417771947,0.5301125400662974
-0.7158098688686174,-0.4303817335134648,0.220921474153317,0.11278786262909331,0.5298054486763726
0.10973263918779284,-0.6174180555992248,-1.000225629172161,-1.6239572087610412,-0.993304166362195
-0.18393615540897848,-0.0671188691551811,0.2773267741591889,0.16156301343998902,0.5026700567926788
0.5137954135806112,0.06502743488445603,-0.8912829719009793,-0.5983678102302188,-0.8641621449228678
-0.29436666101830583,0.6657352874093642,1.0026462255156803,1.641046629728958,1.1099383909688134
1.4149636914966628,0.8136198880114561,0.3806298327422971,0.24919854273565617,0.6613006204676939
0.12504603116644689,0.38612630016075644,0.4822654283124051,0.4214734498759029,0.8400211450433426
-0.2568170279257321,0.07103721726714121,0.5677064417647628,0.4473593021906108,0.8769696081804754
1.0242865817793902,-0.018131018834046345,-0.9792527738097495,-1.2139273806525643,-0.9376554887234737
-1.6225236301977521,-0.16662555131064571,0.9363070192970636,1.9438768931086035,1.049345858249436
0.3409883522771337,-0.48689758827512664,-1.2325489430328176,-1.6229112474511733,-0.9954105399532538
0.025571336409433494,0.41418882727469003,0.9776198285424866,0.7957031416997422,1.0216399096265485
-1.4108505304057828,-0.49744520866799646,0.7622601741500334,0.6186639374806492,0.8504250183966207
-1.7085032795685076,-0.8738824167155302,-0.8909273863529957,-0.47700237991295996,-0.9393926555693568
1.0103450029415777,0.7354956101180015,1.019834197574765,0.6664503167133892,0.982084504971155
0.9627906903506936,0.37297086426647585,-0.3627802758210767,-0.3175731988237379,-0.8767530286518415
0.17255842963435913,-0.287661110006486,-0.8464530430346581,-0.6754614448557782,-1.1401066971573302
1.716657776454724,0.879065408207136,0.572245414476543,0.46955916935292735,0.9403826461725013
0.4409681818612688,-0.19244810402289855,-0.8933476786045386,-1.006560991087902,-0.9606616983123287
1.2498053194112153,0.48803299151525315,-0.3387202800383266,-0.22425515875756974,-0.8984579207319748
0.42032458718452065,-0.08848927722527847,-0.7054442493688683,-0.5941767487299575,-0.9711067108887199
-0.2758095656019917,-0.34553454758898106,-0.5940507690566572,-0.3359795095729449,-0.897087042350262
-1.0575312514333424,-0.39495273290934085,0.7297301375024953,0.4327285991301843,0.901318156560062
-0.6034362549027628,-0.5954485266273858,-0.8071337716791123,-0.5943663723462062,-0.942391094497437
-0.25712227124721837,-0.18174681303278423,-0.24340980662651432,-0.19232391307236457,-0.6290943894961151
1.3631531021067052,0.3478235594142367,-0.767032877046975,-0.5031452519015814,-0.9413324708705804
0.7699195585296634,0.6858306499574663,1.2490949219569016,1.4439966655745458,1.0531636153816988
0.3303190682426161,0.37647620600302556,0.5878149867704581,0.3426123982138901,0.9630474996239244
0.8700099075640746,0.5025811912179442,0.6412525255898232,0.22006963296671936,0.9868918812099866
0.5273837156924824,0.6706457278322788,0.8988166708616209,0.683418504623424,1.02299488595406
0.26193761110682645,-0.026057955343106814,-0.8157697967465813,-0.5941345767748866,-1.0285911072197838
-1.4986594015069548,-0.41286409779513594,0.9765292199240763,0.8592572249998405,0.9305847241127251
1.1391575728616767,0.5908913853347737,0.6126754655033708,0.34617774583274147,0.8108093225282836
-0.45851184752647606,-0.6841688043333266,-0.9520150641482199,-1.5608909027540654,-0.9844323330086421
1.0885402776225443,-0.04916919332359769,-0.9203846475172619,-1.4280308331007647,-0.8670835049577601
1.1852102915108895,0.2518654243010482,-0.6675419176978984,-0.5722970527840657,-1.0030427798942865
-0.6700391935553467,-0.9316109426957144,-1.075727183674639,-1.3210064958651702,-0.9543471445746904
0.9497160805959376,0.5752621023754365,-0.4857295530043024,-0.23827846069958317,-0.9036429933140788
-0.36098747925589836,-0.49000088341080705,-1.0146134874872472,-1.013737991415864,-0.978102736679399
-0.3550323276467242,-0.5097191608081626,-0.14950928442078454,-0.09772305307091878,-0.25920274499776624
0.2574732345826578,0.5672419752073259,0.9601832217009871,1.4117093759314558,1.0678929739607237
0.2844725891695404,0.25962834461697604,-0.18008757109815343,-0.049376903556185035,-0.5124866940470181
0.03855151535089184,-0.1318980598586615,-0.3904958188665129,-0.30296445490192875,-0.7582487697540845
-1.3342880155559567,-0.472448868363915,0.6002460477865704,0.3882426477853441,0.9867200278496404
-0.12144663948433945,-0.4093640518785702,-0.8063111876892464,-0.6964197929226035,-0.9687593239401948
2.2784787281884062,1.0126718328991513,0.8623157684904492,0.8434143093959997,1.0597174879075162
-2.784004228802022,-0.8907661409023121,0.642441343396679,0.49521295312411195,0.8706417567490964
0.8697404402284128,0.45276906918429444,-0.019115428142869997,0.03886556204856375,0.04271606901828445
1.0571249333563086,0.7206055134337761,0.34628251587673337,0.15431583163358636,0.784269853471354
-1.358347719286152,0.23520005175391945,0.9275146503844298,2.041745910562852,1.1019019202223364
-0.4694389134095461,0.2586104579466235,0.9393233728270327,0.942312210267868,1.0508806629528793
-1.0007171579433447,0.4891727155948241,1.1649414852710602,2.199526631161334,0.911675089510379
1.853965377311879,0.8344222683154339,0.6788013955724045,0.5320301932924523,0.8596695911681346
1.1030252667777827,0.07839787500937123,-0.8895933268395504,-1.4716914426706882,-0.9878001823803506
1.1514253744647323,0.544676162379309,-0.35611561680718784,-0.26217370286384084,-0.7508949371899263
0.1206472259947952,-0.6948962494556578,-0.962160568532122,-1.7002048745480662,-1.0097675041060539
1.3120919497496433,0.9137060898177881,0.7519699454772576,0.5283030346669183,0.8903025628699234
-0.00823656706207814,0.22546064791731094,0.8384388530456051,0.7454041973454018,1.0330819800054227
1.3591576272105579,0.5774667371339953,-0.8987614581120416,-0.8859159959592792,-0.9835669996387784
-0.14869642411222042,-0.4174833049232418,-0.854718724648084,-0.6556363796468532,-0.9573154827219086
-0.6792419167134393,-0.44919223849870693,0.24830747302773398,0.14875089623521523,0.6317669532434047
1.8109502663319434,0.6398394330544832,-1.0230500530825077,-1.198104063264218,-1.0261163594781286
-0.0208487606651363,-0.6246690379694049,-0.8717399227186476,-1.273159769242533,-1.0473145528487233
-0.8987999082424641,0.11148000680507632,0.7990118739018419,1.2386320480411208,1.1085409692348882
-0.9096338974899724,-0.38298226817919917,0.23794320344295106,0.11471061816396835,0.4440748050043399
-0.9065786730190407,-0.562572977148351,-0.699245281207796,-0.5581093577059559,-1.015755683674819
0.8444423510293687,-0.3070913477420527,-0.9685225632267813,-1.6921188885572191,-0.8763035006633766
-0.09886287704521571,0.292537158447565,0.9936856853570678,0.8523513568944722,0.9408019419448339
2.2979589759970827,0.7993301904003682,-0.8452833264756301,-0.6845182122169692,-0.9970711446569882
1.1861781823241206,0.888563477659159,1.0216287594477635,1.8606844458705387,0.9586745075615163
0.25713813009397124,0.5563429965253618,0.7219547977396321,0.8593100976934448,0.8112819440104725
1.403897541198283,0.5734503698041311,-0.9164882371931452,-0.808141854407269,-1.0056457779628873
-0.4955073364694836,-0.5046823908466327,-0.7476516172876082,-0.7154716971314717,-1.08539351010661
-1.8547858041593057,-0.2184985085027051,0.859857902210063,1.7218511629443316,1.0251113444879072
-0.9895830575747401,-0.49112062833994413,-0.12425121906258023,-0.08425944683450466,-0.2193334473726098
0.14720782936960267,-0.0894822903876934,-0.7639705800896317,-0.5133112283233697,-1.1918114712018164
-0.22254147217114004,-0.22742880183624362,0.035308706631974475,0.02772168847657001,0.06282188158705483
0.8244153882574605,0.2341948408116787,-0.7619373874410367,-0.5179126500537902,-0.9254333327110844
-0.12461378134346948,0.3035802858126526,0.25849019491502595,0.24104847710816502,0.4600184351957343
0.748034725961725,0.5122278195201776,-0.08774440629977592,-0.07582362151826307,-0.1300785245385542
1.5009716305642897,0.8239685458687535,0.8939854078819252,0.8755079805115086,1.0322901127966346
-0.1276958506107716,-0.3282759846014185,-0.5110521673330091,-0.3885741032391265,-0.7934915556161635
0.5551452887111212,-0.17802315233623217,-0.8224521186442963,-0.8848163666896469,-1.0494676971898902
-1.754786840575234,-0.757836737216705,-0.40350140248950267,-0.3489846966235856,-0.8905100086089704
-0.12389397874055913,-0.08916315888737636,-0.5200292436621764,-0.35508389822404607,-0.9094973824108765
-1.2319581257460215,-0.5961897797400006,-0.0023008756375262895,-0.07753381519399347,0.07767202475128396
0.145226777129347,0.40445525943211597,0.6892371184451015,0.6345402880572247,1.106996820826645
0.23599975667733084,0.3670044003387813,0.8402554342044163,0.5799089674719204,0.994663690174804
0.23267635791379443,0.668357870837971,1.0106475298081044,1.1996586758585681,1.0241482180273596
-0.48012258979629335,-0.6879116978246042,-0.8529557540707401,-0.8114896777335243,-0.9284252120917278
2.2984688617348334,0.7257858220165095,0.6169527755442807,0.3887201230511087,1.1681077968484292
-1.2680215116430682,-0.21238022248798988,0.7431203017694186,0.7273198470207146,1.0230072738293596
-1.3291458271615162,-0.9166850649215845,-0.9305185769284687,-0.6742204063118639,-0.9852884096841296
1.654978375736585,0.6805231624904875,-0.16347036047129895,-0.207631052982379,-0.5831159303975816
-0.7042791305898932,-0.7998805827863745,-1.0112046314002525,-1.7499778742187968,-0.9763140789761127
-0.9446906875364303,0.03484992491806965,0.8902611496953762,0.906857695125735,0.936118879868592
2.3029118977231127,0.8822855633906062,-0.4563372902607008,-0.2154982023198693,-0.7498436062769792
0.9857227168235637,0.6443416981352663,0.7261576283787432,0.8065641766809994,0.8444538970042426
-0.5944645481382219,-0.27881884177231403,0.3232661093827049,0.20604951787951314,0.6748122691540654
0.21750790569356104,-0.03074620250336193,-0.3347760723780694,-0.1851652289748735,-0.618338060440329
1.945871284827684,0.3453341093508324,-0.9902490696290928,-1.5928027993524858,-0.962730848804854
0.6916206809508675,-0.17001454458281368,-0.9739724375878248,-1.41495261071644,-1.045569830235087
1.2861484551064426,-0.7485141522046335,-0.7507168684978844,-2.5931461843417423,-1.0231779342817422
0.8048031787338052,0.15589624206533215,-0.7702351412041095,-0.5626134828286562,-0.8719091187311017
0.9302533459535411,0.8894503212353342,1.1570263312830193,2.278248703181248,0.8789399700146092
0.039741695910427206,-0.6843709585079555,-0.8094240724244813,-1.2879473895179996,-1.1186500652082079
0.011348478976219248,-0.8110006635682541,-0.9243411162059838,-2.631431883419906,-1.092951030394947
0.26705038534845366,0.4306384857650578,0.9000470471656928,0.9626689195855317,0.9947868111605299
0.7344528074503005,0.7982096673297668,0.8631259622878966,2.363717869296701,0.8642884600394314
-0.2833153158326134,0.06560852667681046,0.5091973875736534,0.2979210652598027,0.9628264412639234
0.12205393450300478,0.36703742394012007,0.5510823120547482,0.2887323947199601,0.7871424875069325
-0.3103456159559854,-0.33943850028225414,-0.30225950405606083,-0.3098820736437513,-0.7450225085716141
0.11568482199452929,-0.8089004407972199,-1.0901077322294723,-1.79425723051006,-1.057777456929331
-1.250996330981847,-0.9743788435776177,-1.00898020471058,-1.4507119177434764,-1.0060017971362196
2.6059774669595184,0.9886662624817716,-0.5802574217711197,-0.3167533293985182,-1.0596270458028687
-0.7329401187788761,-0.5933017110996839,-0.7553511821556547,-0.5084553400297436,-0.8689468715937829
-0.36146072475943114,-0.2799731776654793,-0.12414558404465434,-0.11517292776994209,-0.4724198785266486
-0.8192643935548025,-0.041318697546529025,0.8150921502392775,0.8293248239281591,0.8848028502794467
0.6157087491645401,0.07183320641836337,-0.8331999521476238,-0.5818378319170209,-0.7432344814960513
-0.19600263124233117,0.45844649560450107,0.9700239223748497,0.8497167564046113,1.0505401554441582
-0.9638075100972179,-0.7784335762380802,-0.7008728633708186,-0.57528970990277,-0.8745081064006972
0.6568833662243427,0.6415771944072215,0.975147802855664,1.0382395928657568,1.0433703714832643
0.7916491479227911,0.34067578186923975,0.07839727739917944,0.08636756707342344,0.2214801154129893
-0.06687632447726692,-0.3101471881539747,-0.4938393864090864,-0.4358303409215121,-1.042081343588869
-0.6636259513820769,-0.45906413607996543,0.117015256845894,0.06929406054888966,0.2664164320875755
2.1910660055597173,0.8470841398061039,-0.21758604453124328,-0.29353884215756676,-0.7895149404623265
0.34006763052523103,0.2589835156367128,0.2034075601429223,0.11313423767997162,0.3846433562523639
-1.2740689849533238,-0.47361696725862457,0.620467612188202,0.7581061985174717,0.8214409598753645
1.4140404610027681,0.728000263023273,-0.38286461584222153,-0.08721559841564996,-0.6293430393970987
-0.8557747494125713,-0.45548661189862516,-0.4881202153383738,-0.3695688528537811,-0.7307147266657021
2.7418783402699165,0.8302914617098898,-0.824635367153118,-1.1235162049108292,-0.9411536506938467
0.07965785752758668,0.07543636747812044,0.6704392414438484,0.5791780192917145,0.9576630108419167
1.0133160360553535,0.8563720668439866,0.735261310968114,0.3482722264027249,0.9394952990570102
-2.080017560846901,-0.8776526276806882,-0.7962907505077811,-1.181942850927521,-1.3020624383264103
-1.284140884089963,-0.14090057235901504,0.9063332194451542,0.835494277920761,0.9513304806504895
1.3338596197607149,0.3023774931635836,-0.9105913939072104,-1.1981840326023356,-1.1408823237394174
0.3178150656291369,0.7429622578819469,1.027820270082744,1.0292217912338935,1.0112439381163076
2.0423964227140727,0.9395110187851624,1.0075283073001262,0.6878633271870178,0.9664396121527852
0.48517510522958907,0.44076834985487584,0.6745104209512258,0.4196655225980695,0.8594118171049835
0.1452962397410396,-0.06628728438811918,-0.540333111693385,-0.3769951591670362,-0.8954911750953997
1.7135739908222054,0.7976359681076454,0.8135408023083788,0.5757797826664528,0.9898386838671877
1.0101369992254443,0.8634466378610943,1.0008716346819844,1.0763719952411803,1.14982647581366
-0.19626119927628935,-0.08192867044607613,0.8507983493792187,0.5923519211081734,1.0514243140125656
-1.094104100498447,-0.7577883360053229,-0.9655555909367174,-0.6702500217262376,-0.9691261611452776
-2.371615664765494,-0.7260663997306905,0.4518172071670096,0.26740698235546406,0.7324372651850464
-0.43766566980270516,0.31122078256162666,1.0019758484797427,1.132034986295036,0.890980495990807
-1.186335095221372,0.5546060973434482,0.9914539206610605,2.199098180556703,1.0598406267100673
2.5977046432343838,0.8719517065068656,-0.2524339149471538,-0.20521297449919623,-0.6580040130801396
-0.6503709440700268,0.1439420649654272,1.0852431075926983,0.8578831061314305,1.021639079635324
-0.6777090056250449,0.07846859776914748,0.9701052594701621,1.1344805200843187,1.0959611833641192
-1.5212448745886455,-0.773357771864486,-0.8074484249923258,-0.8124049989897638,-1.1420040502126427
-0.2663173285227033,0.655686272226394,1.1555353460332347,1.7820783180614812,1.1395935936398822
-0.6645349296422126,-0.7584451116329616,-0.9290153825367137,-1.0651846840834458,-0.9004029252564529
1.7377294287444596,0.6402963916211162,0.786441178896694,0.8089855150329761,0.7844882132413398
0.16847615941498456,0.22599121417224838,0.5326808704310438,0.305319779547066,1.1147066243024946
-0.008864022656377504,0.04425156515682341,-0.12733173110245388,0.055575559998159926,-0.07459426208802275
-0.13467275408259782,0.9206808765153219,0.7697697118550768,2.546833281448644,0.9521191119951665
0.7861749201892023,0.46678005578236814,-0.4324868900933643,-0.30125523532680115,-0.7837511297947481
-0.4523281656345007,-0.20546356399661597,-0.7211255980887601,-0.3173455927286084,-1.032375854638455
0.6672060935318382,0.9177307721666559,0.8456481181742017,1.3314788073977952,1.0532245242649954
1.6139698207274442,0.8205265190009924,0.8174624940816623,0.7618037780867832,0.9099260285731656
0.4600750102996468,0.6999368843096979,0.9009699821201885,1.2820989209585543,1.200656365748211
-0.24973128282513507,-0.017151610099795364,0.1785409551487344,0.11686938234111337,0.45642700755016735
-0.9534591709719014,-0.34014769506010656,0.5974001846257082,0.3169426170121629,0.9694278786439349
-0.27512398634707436,0.8271920368574214,1.020426492462515,1.9009356129945743,0.9212811684019422
0.563078873972571,0.16290625049847635,-0.9693770679431801,-0.8359540795806962,-0.9132128196452804
-1.5325273419173213,-0.5251597491350042,-0.035214336221106785,-0.10287704409166039,-0.23011384495623935
0.8315427577092825,0.8694608003218421,0.7281305113733426,0.7982540714254448,0.8462530589501792
0.2076126882280645,0.07849308286666452,-0.29463843007833745,-0.19586082008783778,-0.691196260106424
-0.1491891597587188,-0.22774084794237381,-0.896108430963641,-0.5701458792830355,-0.7907924991410948
-0.6594134114510023,0.08285090076317016,0.8015815648711827,0.6184845127865221,1.0675013150828103
-0.47637770096936727,0.3581296211125397,0.9456271087488812,1.3358056664914943,0.9611074150510674
0.5973060414653077,0.22784359288022077,-0.12342664057480258,-0.1408343628058571,-0.5994773619185213
-0.12821152609511072,-0.23841979428079807,-0.20308345815632212,-0.16858962081074902,-0.6296527683922968
-0.5011399672785699,-0.6469348688791902,-0.8537743772227618,-0.6476880256834309,-1.1265261364059616
0.4685634933715225,-0.006670989942726774,-0.5367294605600308,-0.2959768434057342,-1.06169875402112
0.5081897774921301,0.7200750661968898,0.9168591662081854,1.0836060798301856,1.0759648826419703
-1.2491750613240478,-0.712350006081742,0.32252904009964967,0.08106287069365692,0.5798427824010806
0.5714806965769847,-0.14268604022478487,-0.7118062934489313,-0.8049906609302881,-0.8075626309619818
2.501698212860443,0.9980575721099316,0.3164218373235963,0.26236238032366266,0.6422469642124824
0.4696207893755043,0.6921231582354249,1.0226385622411251,1.0511940109860407,0.997700504700794
-1.6990072048436677,-0.8216021662528631,-0.9089616611996088,-0.5618856635474287,-1.1235196349227239
0.177375391839546,-0.37777147245221904,-1.021680767768279,-1.3286052195955633,-1.0586866041395657
-1.8308153741936848,0.09550633277240689,0.905946772582414,2.1908251598727517,0.9777293330609952
3.1673716720641596,0.9887686358634293,-0.873534804492704,-1.3785293500432472,-1.0363846827740353
2.235674686984474,0.8312303839757231,-0.6671541458573135,-0.3590225638557857,-0.9274478335738519
-0.6659384827953962,-0.11531908094499227,0.41332354188542575,0.23212851185866967,0.8817565969912866
-2.245667198993836,-0.8680641142233633,-0.42706192305841195,-0.2724277012442913,-0.7305783265286968
-0.8783711870927843,-0.4971860998607016,-0.14238461111079037,-0.07491084465501871,-0.41818178909380144
-0.18099073893972362,0.3281865669184795,0.9142534404245506,0.5768381678745935,0.9821082286453938
-1.7618637420397385,-1.0664894509967295,-0.8233685473222208,-2.3917216577127935,-0.9205514695801987
-0.06902251499622762,-0.39296373308884003,-0.9861655134316941,-1.2668944715238513,-0.895317913769256
-0.18757866427025166,-0.11866824731037928,0.039418336724188326,0.04425938607032916,0.071867029258195
0.12515469706288854,-0.2510906850812348,-0.7403603272360286,-0.40421701197361,-0.8831216480595685
0.22964517693797995,0.2669566435930262,0.21303647283481736,0.12941125827559766,0.5423592147888919
-0.9656175998771516,-0.4735299421767567,0.5592323385341882,0.2276532826313042,0.7503670786105109
-0.8534140397496542,-0.7177242254639132,-1.0112071125684763,-2.115919995470992,-0.9199289838438169
0.04559216447004996,0.5450746941727534,1.0452253002098357,1.2736403321516463,1.0142568686625515
-0.6309921298739474,-0.5294927710289221,-0.8227537984880297,-0.4982678831003497,-1.1482343922945277
0.9074947684172557,-0.03537172719124193,-0.9391606908104159,-0.8655131847760066,-1.0242756650632634
0.035894549767699735,0.20821554160798136,0.3817768430663837,0.2083552959592792,0.750975111521626
1.865003233997474,0.749745057365378,0.18820246913169242,0.10716022778224318,0.38878511529183285
0.8204824382712258,0.8711613393967669,1.046828823379264,1.1966908176546378,1.121659579098984
1.103713869390598,0.6236478946141021,0.3661059422562948,0.27187316277001694,0.9084061480276988
0.13256606796478587,0.37956723237512746,0.7845450883909951,1.1581108480243003,0.9586919624163458
0.15736150129029647,-0.3513998359617618,-0.8050838335615452,-0.9381773754277055,-1.0431265954033189
1.731320579909177,0.8151884059281178,0.13966252279827118,0.14186105520749914,0.4220869941152531
-0.37829288353702933,-0.5732175033824685,-0.9027048245572984,-1.1147477073248893,-1.0175696957614393
0.5467793541652396,0.5180240456193482,0.20727222369113696,0.0976758555602795,0.40125831225496783
-0.2662375321614578,-0.024134441019265568,-0.35553055424162694,-0.1142879556018855,-1.013458888660745
-0.26863605838730287,-0.15108109823621801,-0.15266543402725935,-0.15729742520090303,-0.2972284398649039
-1.16889626574172,-0.6254222624020364,-0.3004665967338609,-0.14852755236163276,-0.6253272444026533
-0.7425143508569407,-0.2162874871450085,0.8491363788215939,0.7363894701845974,0.971587073759427
-0.9282694514164505,-0.8602088355504232,-1.026694594283681,-1.6073596570025797,-0.9671808983650461
0.5943688089231695,-0.07699869447133077,-0.7442120132033083,-0.8997878627841726,-0.9995714562506376
1.0402059282236624,0.5222747088897138,0.06648553267570949,-0.040571826745175454,-0.0069732759369569505
-0.09475337357840248,-0.5127571089548236,-1.143418565567393,-1.1786630894712498,-1.0996544832931643
0.22962793016365324,0.27282668924616893,0.3029820595563742,0.04611410620104406,0.3253441229730265
-0.1524713551050962,-0.19917904098802214,-0.15281587296924454,-0.050852521241074776,-0.45462150756151576
-0.810775919892985,-0.9180106239135398,-0.7717883593257423,-1.4037566450525831,-1.1102975941518438
0.8622630247968789,-0.22903493123746752,-1.0103734001682831,-1.4531651462542776,-0.9343668797984331
0.6525346937594791,-0.7969102364544602,-1.0337875262254443,-2.6237882355492657,-0.9275287262594474
-1.8925459853039637,-1.106956285440908,-0.9918007972356393,-1.220670049681913,-1.0869036823654838
-0.28310900123525357,-0.26180100069482626,-0.016088528527012525,0.014323258210599855,-0.26734663211092474
-0.8820273412074283,-0.5475294496107047,0.5082812676217316,0.15618782294087746,0.793291182061368
-0.39093856966522517,-0.011654368604957915,0.31826199895745844,0.2018995596284508,0.6509419963763627
-0.6704315670462594,-0.4938691523940436,-0.8927765185976885,-0.7779188126673808,-1.0366325230669224
-0.046420370741399854,-0.14685007244917306,-0.022952231786909943,-0.018303484021489465,0.02768117467578425
-0.329914735133474,0.057487557773972686,0.4852679495969799,0.39724460924145283,0.910680578069104
-0.351140693820839,-0.60721400167867,-0.812120548067411,-1.268035549501153,-1.095717083885885
1.1073884283387134,0.4744930544728929,0.05660853089751067,0.12332907439053986,0.17269563844391023
0.5571786606692488,0.6011447823206177,0.7390156120906923,0.6564812118350916,0.9540505172452028
-0.7038946503004336,-0.3345076786827212,-0.5825810706330123,-0.4907721298228808,-1.034411716634375
-0.555546732813421,0.26974439288209984,0.9488774492389151,1.062234330349603,0.9902386573508224
0.4917930553996126,0.03453026651395698,-0.5995434389262628,-0.46743434382496996,-0.8397032300385256
0.49041957170276645,-0.19643463773846212,-0.7405456715947969,-0.8600608551230751,-1.128202074193381
-0.603780239062069,-0.2833229045341954,0.8322992375153286,0.5568411785529204,0.9881786954011444
-0.23399066690216466,0.7597738639568583,1.0115502849005313,2.033293769466457,1.0914317093177641
1.8468060400869681,1.0151789963278417,0.35095632595006887,0.0853536188878091,0.5992369440775442
-0.5865480885213431,-0.11250225175108139,0.7242153677911263,0.6349078041137199,1.049958296698707
1.9108045884587852,0.5200867051414182,-0.7022629064065076,-0.508717221097844,-0.992247424397133
1.103666942525805,-0.03168475692403216,-0.9723096946931484,-1.2416162197960277,-0.98165363287847
1.7254162750554658,0.8977751529067212,0.2613079013400054,0.16626564590073342,0.6496746932498881
-0.6290719720694289,-0.25432590107829783,0.3886748022261966,0.32439997178791113,0.7691936956024784
-0.16855587406276104,-0.35839896639883473,-0.6951231637942705,-0.35791109038116226,-0.7390545458054963
-0.4491638087755629,0.051675531892354985,0.826301359790941,0.6310565180215059,1.0414564474532073
1.1267531919262028,0.35707921767333506,-0.8623137302844024,-0.65408000981432,-0.8562532385501053
-0.5676837726720896,-0.8036198011408137,-0.7163744581344533,-0.9020862658517421,-0.8837573804517901
0.7312154933428736,0.7316215992883301,0.9371002830072899,1.060642930486165,1.0300967719669178
0.678299411192041,0.6905591468088482,0.9200520121117258,1.0653476265416306,1.1358447048399345
-0.048029530714176684,-0.4018404207636168,-0.6772547277711056,-0.6343431058356785,-0.9554249971673482
1.2986597341643356,0.8282209016783537,1.0339306276961695,1.7188504904048219,0.9268212120586277
0.1076798697266051,0.013298680365982724,-0.4645762754371804,-0.2871066925302493,-0.8420685339213488
0.834085718608303,0.43346854026233184,0.07701188904100312,0.08478286464395876,0.1615254725109858
-0.4947033689177825,-0.5284184170990864,0.2248991007254218,-0.08465254184842787,-0.0008460080661138458
-0.7234368141068251,-0.14223766466737192,0.7413077425170621,0.5237602174456797,0.8840646246987894
0.731145529257608,0.5946736578165606,0.5341967862847568,0.2714214938009425,0.8733791878362751
0.43084024433374835,0.2927966389143746,0.3048229290555816,0.25796216158165786,0.8362762720884843
0.24330766412836574,-0.41135566955279873,-0.9942027939200779,-1.0195616317198861,-1.0830241556434383
-0.3436883479377835,-0.8528786799005987,-0.7818074329078342,-1.6885623167896844,-0.8984853605559977
1.549209476526304,0.8732982058077431,1.0970634555759944,1.142160028252862,0.8777358962764737
-1.116585804253847,-0.6296713658933073,-0.6771691082913194,-0.5454459989397435,-1.0570985148719774
-1.171343009730972,-0.6356266868730306,-0.12011599760717628,-0.04903337343347808,-0.12386644057336063
0.9421665051638289,0.70996228336523,0.47521798560585143,0.32679890988978094,0.871187196204008
0.8600963841430697,0.7765682260396962,0.9239009353000562,1.629009603349268,0.9822487028978727
0.3537627789918679,0.24887678868621488,0.14823287720991474,0.16135792464250795,0.49618032790592487
-0.2879522219028064,-0.2625602390360109,-0.48689974545578396,-0.3947975629240973,-1.017139995961393
0.5024221291904121,-0.04356506258587236,-0.6510641980398372,-0.5235443812868572,-0.9923688185999406
1.720830297119534,0.8709177926530881,0.011107402170750916,-0.037356841241938624,-0.04626044210957834
2.515546207874225,0.721225290765221,-0.9429804709228657,-0.9093647696406127,-0.8725190342688255
-1.6564137054751564,-0.7874038588946121,0.07390025894053845,0.02887572314901021,-0.0012767726325836615
-0.41892011924854655,-0.1052304622973349,-0.13013042614808523,-0.05201968845801409,-0.11192600656618396
-0.4817732629848396,0.452384849141575,0.9191284029813429,1.6415269486441515,0.9871568111351925
1.626519471699682,0.7493731894004316,0.027562000399765918,-0.08360113859092103,-0.21061615914532944
-2.4812949865652016,-0.9243218660935736,-0.9846868996013843,-1.9244881610488498,-1.1290474062932314
0.513835193065546,0.9541495419392291,1.0504879569724943,2.6735109703964786,1.0273077719625265
-0.2568103084190336,0.34542025761909734,1.0056846830060595,0.9568337311560969,0.8622559673510324
1.6381127495476404,0.9615831913323537,1.0115394640339939,2.082348744095585,0.9439257326134642
1.5010388400044603,0.17697339432077522,-0.9353755040207105,-1.1573199869844844,-1.0230916494743432
0.3655067348266927,0.14221415516666794,-0.46406634492684873,-0.22182678125629193,-0.693299560271204
-1.5797230707117969,-0.6177263066094251,0.721336135728667,0.6744012414943192,1.0822608822879207
-0.5738894823351331,0.0040959976573591295,0.6208290067806498,0.5363913722844591,0.8928545746322003
-0.46439107661373846,0.013637735481848365,0.5337550181183593,0.3069377073595517,0.8591433080414211
-1.3264547944534648,-1.1383966245659738,-0.9916517349483848,-2.199610718500554,-1.1594944215502085
1.15458428185937,-0.034816779441917356,-1.0831784167744354,-1.7124394575643138,-1.2037336625145652
-1.453426497274406,-0.1462658032768254,1.045701535604073,1.517520109063872,0.8767073435196014
1.9653275084537123,0.9541866751005754,1.047543124337629,1.6953295328696896,1.112100775016569
1.9628226340454584,0.7199236611557381,-0.24628700520673175,-0.10665129143639568,-0.44138186511893973
-0.38506026185950626,0.4607791690527703,0.9784363519536289,1.390427474406382,1.0376006880488666
0.32849537012981606,-0.30467652088640673,-0.8824420848966613,-1.023227766143298,-1.142201386891471
-0.0722834780704241,-0.31222444073862116,-0.9552954719540894,-0.7944260534686807,-1.0649710897524094
0.9018248003616903,-0.09035481284520948,-0.8948015806841713,-1.1022803218631494,-1.0831722723735837
1.2746773385647592,0.491003080379553,-0.8602923864874342,-0.8499195456886461,-1.0096759169740523
0.25799699212006616,0.5466394227378198,0.7369683473769588,0.7226960095226193,0.9612828032300921
0.46911670978106274,-0.14503715711314402,-0.8726514197996516,-0.8623523730634445,-1.0938158557943982
-0.6206042639395163,0.6255502829560444,1.035463998019765,2.239743039927865,1.034888292102067
0.4367139668903384,0.42950880672837255,0.5847555592261529,0.460070606347438,0.9610142260759276
0.1627620789239809,0.5473435246763354,0.8937954529685386,1.0845270464950882,0.9243348735158142
-0.9117944887513568,-0.275546617904212,0.574648402463022,0.4899405828000732,0.9726411113062277
-0.014037109343111222,0.5225104954644875,0.9214662939010707,1.214269650459279,1.1107967225602167
-0.3831825179860731,-0.650769698431039,-0.8977121719269976,-0.8679999995385472,-0.8514149622794215
-0.6094955818180586,0.3696049161908952,0.9299810304854287,1.446933538199557,1.0483524450694097
-1.146491207599568,-0.6349594211659821,0.08332734068971365,0.14093888559143689,0.40451407688358165
0.06250273324947596,0.6056868023296992,0.8969485072644428,1.209266110968739,0.9741913225633068
-0.7804740063253436,-0.8568944569411352,-1.0257764105943434,-1.4395640533761842,-0.896489028708418
